ig.id,v.A,v.B,v.C,v.D,v.E,v.F,v.G,v.H,v.I,v.J,v.K,v.L,v.M,v.N,v.O,v.P,v.Q,v.R,v.S,v.T,v.dummy
11558,1,1,0,0,1,2,2,2,0,1,0,0,0,1,1,0,1,1,1,1,0
34059,1,1,0,0,0,1,0,1,1,1,0,0,0,1,2,0,2,1,1,1,0
34122,1,0,0,0,1,0,1,0,0,1,0,1,2,0,2,0,2,0,0,0,1
26454,0,1,1,1,0,2,0,2,1,0,0,0,0,1,0,0,0,0,1,1,1
37131,0,0,2,1,1,2,1,0,0,1,0,0,1,0,0,0,2,1,0,0,0
34530,1,1,0,0,1,1,0,1,0,1,0,0,1,1,2,0,0,0,0,0,0
33975,1,0,0,0,0,0,1,0,0,0,0,1,0,1,0,1,0,1,0,0,0
7770,0,0,0,1,1,0,0,0,2,1,0,1,0,0,1,0,2,2,0,2,1
9707,1,0,0,0,0,1,0,2,0,0,1,0,2,1,0,1,0,1,0,0,1
12142,1,1,2,0,0,1,2,0,2,0,1,0,0,1,0,1,1,1,1,0,1
39075,0,1,2,1,0,0,2,1,1,1,1,0,0,1,2,1,1,0,0,0,0
39992,1,0,0,2,0,1,0,2,0,0,0,0,0,1,1,0,0,2,0,1,1
19612,1,1,1,1,0,1,0,2,2,1,0,0,1,1,1,0,0,0,0,1,1
22629,1,1,1,0,1,2,2,0,2,0,0,1,0,0,1,1,2,0,1,0,1
20789,1,0,0,1,0,1,2,0,0,0,0,1,2,1,1,1,0,1,1,2,0
28438,1,0,0,1,0,0,1,2,0,1,0,1,2,1,2,0,0,1,0,2,1
8971,1,0,0,1,1,2,1,1,0,1,1,1,1,1,1,0,2,1,1,1,0
104,0,1,1,2,1,0,0,1,1,1,1,1,1,0,0,0,2,1,0,1,1
38551,0,0,2,1,0,1,1,1,2,1,1,0,2,1,0,0,1,1,1,2,1
4532,1,0,1,2,0,0,0,0,2,0,0,0,1,1,1,0,1,0,0,0,1
8238,1,1,0,0,0,2,2,0,2,0,0,1,1,1,2,0,1,1,0,1,0
8189,0,0,0,0,0,2,2,1,0,1,1,1,2,1,0,0,0,1,1,2,1
38922,1,1,0,0,1,0,2,0,2,0,0,1,0,0,1,1,1,2,0,1,1
17601,1,1,0,2,1,0,0,1,0,0,1,0,1,0,1,1,2,1,1,2,0
38734,0,1,1,1,0,2,2,2,2,1,1,0,0,1,2,0,2,0,0,2,0
4469,0,1,1,1,1,0,0,1,0,0,0,1,0,1,0,1,2,1,0,2,1
39151,0,0,1,0,0,0,2,2,2,0,1,0,2,1,0,1,2,2,0,1,1
49701,0,1,2,0,1,0,2,0,1,1,1,0,0,0,1,0,0,1,1,0,1
20131,1,0,1,0,0,2,1,2,0,1,0,1,2,0,0,1,0,0,1,2,0
10694,1,0,0,1,1,2,2,1,0,0,0,0,1,0,0,1,0,0,1,0,1
5600,1,1,1,0,0,0,2,0,2,0,0,1,1,1,0,1,2,2,1,0,1
24250,0,0,0,0,0,2,2,0,0,0,1,1,0,1,1,1,2,0,0,2,0
5176,0,1,2,0,0,1,1,2,2,1,1,1,0,0,2,0,0,2,1,0,0
19608,1,0,0,1,1,0,2,1,0,1,1,0,0,0,0,0,2,1,0,0,1
32477,0,0,1,2,0,0,0,1,1,1,0,1,0,1,1,1,2,1,1,2,0
34974,0,1,2,2,0,1,0,2,0,1,1,1,0,1,1,1,0,2,0,2,1
1904,1,0,1,0,0,2,0,1,1,0,1,0,2,1,2,1,2,0,0,0,1
456,1,0,1,2,1,2,2,0,1,0,1,1,2,0,2,1,0,2,1,0,0
21019,1,0,2,2,0,1,2,0,2,0,1,1,2,0,1,0,2,1,0,1,0
40448,0,1,1,0,0,2,1,2,0,1,1,0,0,1,2,0,2,2,1,1,1
4721,0,0,1,2,1,1,2,2,2,0,1,0,1,0,2,1,2,1,1,2,1
22698,0,0,0,1,0,0,2,2,0,0,1,1,0,1,1,1,2,2,0,1,0
42018,0,0,0,1,0,0,2,0,0,0,1,0,1,1,0,1,2,1,0,0,1
14755,1,1,0,0,0,0,0,0,1,1,0,1,1,1,2,1,0,1,0,1,0
39111,0,1,1,1,0,0,2,2,0,0,1,0,2,0,2,1,1,0,0,1,1
12043,0,0,2,0,1,1,2,1,2,0,0,0,1,0,0,0,0,1,1,0,0
21504,1,0,0,0,0,2,0,0,2,1,1,0,2,1,2,1,0,2,1,1,0
3771,0,0,1,1,0,0,2,1,2,0,1,1,1,0,1,1,0,1,0,1,1
39844,0,0,0,2,0,0,1,0,2,1,1,0,0,1,1,0,2,1,0,2,1
21480,0,0,2,0,1,1,1,0,2,1,1,0,2,0,2,1,1,1,1,2,1
38097,0,1,2,1,0,2,1,0,0,1,0,0,0,1,0,0,2,0,0,1,1
42518,1,1,0,0,0,2,2,1,0,0,0,0,0,0,0,0,0,1,0,1,1
37610,1,1,2,1,1,1,2,2,0,1,1,0,0,1,2,1,0,2,1,0,1
29818,1,1,0,0,0,0,2,2,0,0,0,1,0,1,2,1,1,1,0,2,0
36965,1,1,1,0,0,0,2,0,0,1,1,1,0,1,0,0,2,1,0,1,0
40539,0,1,2,1,1,2,2,2,0,0,1,0,1,1,2,1,2,2,0,1,1
37982,0,0,1,2,0,1,1,1,1,0,0,0,0,1,0,0,2,2,1,0,0
25653,1,1,2,1,1,0,0,2,0,1,1,0,2,1,2,1,0,0,0,0,1
17914,1,0,1,0,0,2,0,2,0,0,1,1,1,0,0,0,0,1,0,0,1
27286,1,1,0,1,1,1,0,2,0,1,1,0,1,0,2,0,2,0,0,2,0
28156,0,0,2,0,0,0,2,2,1,1,1,1,2,1,1,1,0,1,0,0,1
22864,1,0,1,2,1,2,0,2,2,1,1,1,0,0,2,1,2,1,0,0,0
15114,0,1,2,1,1,1,0,2,0,0,1,0,0,0,2,0,2,1,0,1,1
15160,1,0,0,0,1,0,2,2,0,1,0,0,2,1,1,0,2,1,1,2,0
29935,1,1,0,0,1,2,1,2,2,1,0,1,0,0,0,0,2,0,1,0,0
43688,1,1,0,0,1,2,1,1,0,0,0,0,1,0,1,0,0,1,1,2,1
43859,1,0,0,2,1,1,1,0,1,1,1,0,1,1,2,0,0,1,1,1,1
15865,0,1,2,2,0,0,2,2,1,0,0,0,1,0,1,1,2,0,1,2,1
18415,1,1,2,0,0,2,2,0,2,0,0,1,0,0,0,1,2,1,1,2,1
14029,1,0,0,2,1,1,0,2,2,1,0,0,0,0,2,0,1,1,0,0,1
46435,0,1,1,1,0,2,2,1,2,0,0,0,0,1,1,1,0,1,1,2,1
3639,1,1,1,1,0,1,0,2,2,0,1,1,0,0,1,1,2,1,1,2,1
4670,1,0,0,1,1,1,0,2,1,1,1,1,1,1,1,0,0,1,1,1,1
34862,1,0,0,1,0,2,2,2,2,0,0,0,1,1,1,1,0,2,1,2,1
30697,1,0,1,2,1,2,1,1,1,0,1,1,2,0,1,0,0,1,1,1,1
32821,0,1,1,0,1,2,0,1,2,0,0,0,0,1,0,0,2,2,0,0,1
8177,0,1,0,2,1,0,2,1,1,0,1,0,0,1,0,1,0,2,0,2,1
19346,1,1,1,0,1,1,2,1,2,0,0,0,0,0,1,0,1,2,1,1,1
23990,0,1,1,2,1,2,0,1,1,0,1,1,1,0,0,0,2,1,1,0,0
49451,1,1,0,2,1,0,2,2,2,0,1,0,1,1,1,0,0,1,1,1,1
31375,1,1,2,2,0,2,1,0,0,1,1,0,0,1,2,1,1,0,1,1,0
17521,0,1,0,0,1,0,2,2,0,0,1,0,1,0,1,0,0,2,0,1,0
2832,0,1,2,0,1,2,0,0,2,1,1,0,1,0,1,1,1,0,1,1,0
8949,0,1,1,0,0,2,1,2,0,0,1,1,0,1,0,0,2,1,1,0,1
17729,0,0,0,0,0,0,1,2,1,1,1,0,2,1,2,0,0,1,0,1,1
48568,1,1,2,0,1,2,2,1,0,0,0,0,1,1,2,1,2,1,0,2,1
10458,0,1,2,0,0,2,0,0,0,0,1,1,0,0,2,1,0,1,0,2,0
8893,1,1,0,0,0,0,2,2,0,0,0,1,0,0,0,1,0,2,0,0,0
40249,1,1,0,0,1,0,2,1,2,0,1,1,0,1,2,1,1,0,0,2,0
18950,1,0,1,2,0,2,1,1,0,1,1,1,2,0,2,0,2,0,0,2,1
18073,0,1,0,1,0,2,0,2,2,0,0,0,0,0,1,1,0,1,1,2,0
49140,0,1,1,0,0,2,2,2,0,0,0,0,0,0,0,1,2,0,0,2,1
32959,1,1,1,0,1,1,2,0,2,0,0,0,1,0,1,1,2,1,1,1,1
8562,0,1,2,0,0,2,0,0,0,1,0,0,1,0,0,1,2,2,0,1,0
43599,1,0,2,2,1,1,2,0,0,0,0,1,2,1,2,1,1,0,1,0,1
41680,0,0,2,0,1,2,2,1,0,0,0,0,1,1,1,0,2,0,0,2,0
26389,1,0,1,0,1,2,2,0,0,0,0,1,0,1,2,1,0,1,1,2,1
30570,0,0,2,2,1,1,1,2,1,0,1,0,2,1,0,0,1,0,1,0,1
22210,0,0,1,2,0,0,2,1,0,0,1,1,0,1,2,1,1,1,1,2,0
18282,1,0,2,0,1,2,2,1,2,1,1,0,0,1,1,1,1,0,0,1,0
25048,1,0,2,1,1,0,0,0,1,1,1,1,1,0,0,1,2,1,0,0,1
34278,1,0,2,0,1,2,0,2,2,0,0,0,0,1,1,0,0,0,1,1,0
19988,1,0,0,2,0,1,2,2,2,0,0,1,1,1,0,1,0,0,0,0,1
42275,1,0,1,0,1,0,0,0,2,1,1,1,1,0,2,1,2,1,1,2,1
28491,0,0,2,1,1,2,1,0,0,1,1,0,2,1,0,1,0,1,0,2,1
15428,0,1,1,1,1,2,1,0,0,1,0,0,2,1,0,0,2,0,0,1,1
15867,0,0,1,2,0,0,2,0,0,0,1,0,2,1,2,0,2,1,0,2,0
3035,0,0,2,2,0,1,0,1,0,1,0,1,0,1,2,0,0,1,1,0,0
39272,0,1,0,2,0,2,0,2,2,0,0,0,1,1,0,0,0,1,0,0,1
5844,1,0,1,0,0,2,2,2,0,0,0,1,2,1,2,1,1,1,0,0,1
48551,0,1,1,0,0,2,1,1,1,0,0,1,1,0,2,1,0,1,1,0,1
18899,0,1,1,0,0,2,1,1,2,1,1,0,0,0,2,0,0,2,1,1,0
19799,1,1,2,0,0,1,2,0,0,0,1,0,1,1,2,0,2,2,1,2,1
44277,1,0,2,1,0,2,2,2,0,1,1,0,0,1,2,0,0,2,0,2,0
21917,0,1,1,1,0,2,0,1,0,1,1,0,2,0,2,1,0,1,0,2,0
21041,0,1,2,1,1,0,2,0,2,0,1,0,2,0,1,1,0,1,1,2,0
15949,0,1,0,0,0,2,0,1,1,1,1,0,1,0,2,1,0,1,1,2,0
972,1,0,2,2,0,0,1,0,0,1,1,0,2,1,2,0,0,2,0,2,0
6328,0,1,2,1,1,2,0,2,2,0,0,0,2,0,2,1,1,1,0,1,1
1094,0,1,0,0,0,1,1,2,1,0,1,1,0,1,1,0,1,2,1,1,0
39852,0,1,1,1,0,2,1,2,2,1,0,1,2,1,1,0,2,1,0,1,0
5592,1,1,2,2,1,0,2,2,0,0,1,1,1,1,0,1,1,1,1,0,0
19424,0,0,1,0,0,0,2,1,1,1,0,1,2,1,2,1,2,1,0,0,1
49687,0,1,2,0,1,1,1,0,1,1,1,1,1,0,1,0,2,1,0,1,0
34821,0,1,0,0,1,1,1,1,0,1,1,0,0,1,2,1,0,1,1,0,1
41308,0,1,1,0,0,1,1,2,0,1,1,0,0,0,0,0,0,1,1,1,0
14679,0,1,2,0,1,0,2,2,2,0,1,0,0,0,1,0,2,0,0,1,1
45333,0,0,0,0,0,1,1,0,0,1,1,0,0,1,1,1,0,1,0,2,1
11690,1,0,0,1,0,1,0,2,0,1,1,0,1,1,1,1,2,1,1,1,1
31775,0,0,1,0,1,1,0,2,0,0,0,0,2,1,1,0,2,0,0,1,0
22049,1,0,2,1,0,2,0,2,0,1,1,0,2,1,1,0,2,1,0,2,1
24326,1,0,0,2,0,1,1,1,1,0,0,0,2,0,1,0,2,1,0,2,0
1519,0,0,2,2,1,2,2,2,2,1,1,1,1,1,1,1,2,2,1,2,1
20333,0,1,2,0,1,2,2,1,0,0,0,0,1,1,2,0,0,1,0,0,0
43877,0,0,2,1,1,1,2,2,0,1,1,0,2,0,0,0,0,1,1,2,1
3722,1,1,1,1,1,1,1,1,2,1,1,0,0,1,0,0,2,0,0,1,0
30583,0,1,2,0,0,0,1,2,1,1,0,1,0,0,2,0,1,2,1,1,1
30006,0,0,2,0,1,2,1,1,1,1,1,1,2,0,1,1,1,0,1,2,0
31700,0,0,1,0,0,1,0,1,2,0,0,1,2,1,1,0,2,1,0,1,1
19932,1,0,1,1,0,2,2,1,2,0,1,0,2,0,2,1,1,1,0,1,1
28071,1,0,0,0,0,2,0,1,0,0,0,1,0,1,2,0,0,1,0,1,1
1916,0,0,2,1,0,2,1,2,1,0,0,0,1,1,2,0,2,1,0,0,1
44082,0,1,1,1,1,2,2,2,1,0,1,0,2,0,0,1,2,0,0,1,0
28958,1,0,2,0,0,1,1,1,0,1,1,1,1,0,2,1,2,1,0,1,1
40432,0,1,1,0,1,2,2,0,0,1,1,0,0,0,2,1,2,1,0,0,0
11321,1,0,2,2,0,2,2,1,2,0,0,0,0,0,0,1,1,1,0,2,0
21816,1,1,1,0,1,2,1,1,2,0,1,0,1,1,2,0,1,1,0,0,1
31705,1,0,1,1,1,1,1,1,0,1,1,1,0,1,0,0,0,0,0,0,1
49961,1,1,2,0,1,1,2,0,1,0,0,0,0,1,0,1,2,0,0,2,0
33426,0,1,1,2,0,0,0,1,2,1,1,0,0,1,2,1,1,0,0,2,0
32779,1,0,0,1,1,1,0,2,0,1,1,0,1,1,2,1,0,2,1,2,1
36622,0,0,2,2,0,1,2,1,0,0,1,0,2,1,2,0,2,1,1,1,0
36420,1,1,2,2,0,1,2,0,2,0,0,1,1,1,1,0,1,2,0,0,1
3978,0,0,0,1,0,0,2,1,0,0,1,1,2,1,2,1,2,1,1,2,1
39868,0,0,0,0,0,2,0,0,0,1,0,0,1,1,1,1,2,1,0,2,1
37871,1,0,2,2,0,0,1,0,2,0,1,0,2,1,1,1,1,1,0,2,0
37114,0,0,1,0,0,1,2,0,1,1,0,0,1,1,1,0,1,0,1,2,1
41967,1,1,1,0,0,0,2,1,2,0,0,1,0,1,0,1,2,1,0,0,0
10633,1,0,2,0,0,1,1,1,2,1,1,0,0,1,2,0,1,0,0,0,0
45027,0,0,2,1,0,0,2,0,2,1,0,1,1,0,0,0,2,1,0,1,0
16697,0,1,1,0,1,2,0,2,0,1,1,0,0,0,1,0,0,2,0,2,1
3779,1,0,1,1,0,2,0,0,2,1,1,0,1,0,0,1,0,1,1,0,1
47019,1,0,0,2,0,2,1,1,0,1,1,0,0,1,1,0,0,1,0,1,0
43402,0,1,1,2,0,0,2,0,0,0,1,0,2,1,2,1,1,1,1,0,1
33397,1,1,0,1,0,2,2,0,2,0,0,1,2,1,2,1,0,0,0,1,0
46904,1,1,1,1,0,1,0,2,0,0,0,1,0,1,1,1,2,1,1,1,1
15823,1,0,2,0,1,1,1,1,2,1,0,1,1,0,1,0,0,1,0,0,0
14374,0,1,1,1,1,2,2,0,1,0,1,0,1,0,0,1,2,2,0,2,1
48722,1,1,1,0,1,0,0,2,2,0,0,0,2,0,0,1,1,1,1,0,1
49466,1,0,2,0,1,1,0,1,2,1,1,0,2,1,1,1,1,0,0,0,0
13462,1,0,2,0,1,2,1,1,0,0,0,0,2,1,1,0,2,1,1,2,1
3050,1,0,2,2,0,2,0,1,0,1,1,1,0,0,2,1,2,1,1,0,0
43803,0,1,0,0,0,2,0,1,2,0,0,0,1,1,0,1,0,1,0,1,0
29224,1,1,2,1,1,1,2,0,2,0,1,1,0,1,1,1,2,0,0,1,0
27059,0,1,1,1,0,2,1,2,0,1,0,0,1,1,2,0,2,0,1,1,1
2996,0,0,1,2,1,0,0,2,0,0,0,0,0,1,0,0,2,2,0,2,1
24403,1,0,2,2,1,0,2,0,1,0,1,0,0,0,2,1,2,2,1,2,1
18402,0,1,2,0,1,2,2,2,0,1,1,0,1,1,1,0,2,1,0,0,1
28035,1,1,1,2,1,1,2,0,0,0,1,1,2,0,2,0,2,1,1,2,0
23813,1,0,1,1,1,2,2,2,0,0,1,1,1,0,0,0,2,1,1,1,1
40871,0,1,1,2,0,0,2,1,0,1,1,0,1,1,2,1,2,1,0,2,1
48758,1,1,0,0,0,1,0,0,0,0,0,0,1,1,0,0,0,0,0,1,0
39351,1,0,1,2,0,2,0,1,0,1,0,0,0,0,1,1,0,1,0,2,1
32689,0,0,2,2,1,2,1,1,1,1,1,0,1,1,0,0,1,1,0,1,1
38147,1,0,1,1,0,2,1,0,2,1,1,0,2,1,2,1,1,1,1,2,1
14471,0,0,1,2,1,1,2,2,2,0,1,1,0,0,2,1,0,1,1,1,1
20046,0,1,0,2,1,1,1,1,2,0,0,1,1,1,1,0,2,2,0,0,1
44485,1,1,2,0,0,1,2,0,1,0,0,0,1,1,1,0,1,0,0,0,0
42563,0,1,0,1,1,2,0,2,1,1,0,0,0,0,1,0,0,1,0,1,1
20515,1,1,1,0,0,2,1,2,1,1,1,0,0,1,2,1,1,1,1,1,1
26501,1,0,0,2,0,2,0,0,1,1,1,0,0,1,0,1,2,1,1,1,1
40191,0,0,1,0,1,1,2,0,0,1,1,1,0,0,1,0,0,1,1,1,1
31170,1,1,1,0,1,2,2,1,0,0,0,1,0,1,2,1,2,1,1,2,1
7096,0,1,1,1,1,2,1,2,0,1,1,1,0,1,2,0,2,1,1,0,0
225,1,1,2,0,1,2,1,1,0,1,0,0,1,0,1,0,1,1,0,2,1
46366,0,0,2,1,0,2,1,1,2,1,1,0,0,1,2,1,0,1,1,2,1
35731,0,1,0,2,0,1,1,0,2,1,1,0,0,0,2,0,0,2,0,0,0
22081,0,1,2,0,0,2,1,1,2,0,0,0,0,1,2,0,2,1,1,0,1
23462,1,1,1,0,1,1,2,2,0,0,1,1,1,1,1,1,2,2,0,2,0
45887,1,1,0,0,1,2,2,0,1,1,0,1,1,1,2,1,0,1,1,0,0
14196,1,1,1,1,1,1,2,1,0,0,1,0,0,1,0,1,0,1,1,0,0
8162,0,1,2,2,0,2,0,1,1,0,1,1,1,1,1,0,0,1,0,0,0
27004,0,0,1,2,1,0,1,0,2,1,1,0,2,0,0,0,2,1,1,1,0
7034,0,0,1,0,1,1,0,2,1,0,0,1,2,0,2,0,0,0,0,2,1
37711,1,0,0,2,0,2,1,0,2,0,1,1,2,1,1,0,0,2,1,0,1
13053,0,1,0,2,1,2,0,0,2,1,0,0,1,0,0,1,2,1,1,0,1
34146,1,0,1,1,0,2,2,0,0,0,1,1,1,0,1,0,2,1,0,2,1
34682,1,0,0,0,0,1,1,1,0,1,1,0,0,1,0,1,0,1,1,0,0
18975,1,0,2,1,0,2,2,2,1,1,1,0,2,0,0,0,2,1,1,0,0
35163,1,1,2,1,1,1,2,0,0,0,1,0,0,1,1,1,2,0,0,2,1
34768,1,0,0,2,1,2,2,2,2,1,1,1,0,0,2,1,2,1,1,2,0
34730,0,0,1,0,1,1,2,1,0,0,1,0,1,0,1,1,2,1,0,1,0
8071,1,1,1,2,0,1,0,1,1,0,0,1,2,1,1,0,0,0,1,1,1
33254,0,0,1,1,0,1,0,2,2,1,0,1,1,1,1,1,1,1,0,1,0
19501,1,0,1,0,0,2,0,1,2,0,0,0,0,1,2,0,2,1,0,2,1
39608,1,1,0,2,1,1,2,1,0,0,1,1,1,0,1,0,2,1,0,2,0
48752,1,1,0,2,0,1,2,2,0,0,1,1,1,0,1,1,1,0,0,1,1
14752,0,1,0,1,1,1,2,1,2,1,1,0,1,0,1,0,0,1,0,0,0
35059,1,0,0,2,0,1,0,0,0,0,0,0,0,1,2,0,2,1,0,2,1
4517,1,0,0,0,1,2,2,1,0,0,1,1,0,0,2,0,2,0,1,0,1
48606,1,1,1,1,1,0,2,0,1,0,1,1,1,1,0,1,0,2,0,2,0
13231,0,0,0,2,0,2,2,0,0,0,0,1,1,1,2,1,0,1,0,2,0
41591,1,1,1,0,1,1,0,1,0,1,1,1,2,1,2,1,0,2,0,2,1
44385,0,1,0,1,1,1,1,2,0,1,0,1,2,0,2,0,0,1,1,0,1
32223,1,1,1,0,0,2,2,0,0,0,0,1,1,1,1,0,2,1,0,1,0
11020,0,1,1,1,1,2,2,0,2,0,0,0,0,0,0,1,2,1,0,2,0
3479,0,1,1,0,0,2,0,1,2,1,0,0,0,1,1,1,1,2,0,0,1
44812,0,1,1,2,0,0,2,1,2,0,1,0,2,0,0,1,2,0,0,2,0
17,0,0,0,0,0,0,2,1,2,0,1,1,1,1,2,0,1,0,1,1,1
20667,1,1,0,0,0,0,2,1,1,0,1,1,0,0,2,0,0,1,1,1,0
3929,0,0,2,1,0,2,1,2,2,1,0,0,0,0,1,1,1,1,0,2,0
48623,1,1,2,0,1,2,2,1,1,0,0,1,0,1,1,0,1,1,1,2,0
13400,0,0,0,2,0,0,0,1,2,1,0,0,2,1,0,0,0,2,0,0,0
47687,1,0,2,1,0,0,0,1,0,1,0,1,2,1,2,1,0,1,0,0,0
24689,0,1,0,2,1,1,2,2,2,0,1,0,1,1,2,1,2,1,0,0,1
23146,0,1,2,0,0,1,0,2,2,1,0,1,1,1,1,0,2,0,1,0,1
49752,1,0,0,1,1,1,0,2,0,1,1,0,2,0,2,1,0,1,1,0,1
24840,1,0,2,0,0,2,0,1,0,0,1,1,2,1,0,0,0,2,0,2,1
5283,1,0,1,0,1,2,2,1,2,0,1,0,2,0,2,0,2,1,0,1,0
16765,0,0,1,0,0,0,0,0,2,0,1,1,2,0,0,0,0,1,0,1,0
283,1,1,0,0,0,2,2,1,2,0,1,0,0,0,2,0,1,1,1,0,0
16450,1,1,1,0,0,0,1,0,0,1,1,0,1,1,1,0,2,1,1,2,0
18406,0,1,1,0,0,2,2,1,0,0,1,0,1,0,0,1,2,1,0,2,1
2556,1,1,0,0,1,1,1,1,1,0,0,0,1,1,0,0,1,2,1,0,0
27682,1,1,0,0,0,2,2,2,0,0,0,1,1,0,0,1,1,0,0,2,1
37959,1,0,1,2,0,1,1,2,0,1,0,1,1,1,1,1,0,1,0,2,0
20507,0,1,1,0,0,2,0,0,0,0,1,0,1,1,1,0,2,1,1,1,1
26425,1,0,2,2,0,2,0,2,2,0,1,0,0,0,0,0,1,1,0,0,1
26743,1,0,2,1,1,2,1,2,1,1,0,1,2,0,2,0,0,0,0,1,0
25598,1,1,0,2,0,1,0,2,0,1,1,1,1,1,1,1,2,2,1,0,0
11791,0,1,0,0,0,2,0,2,2,1,1,1,0,1,1,1,2,1,1,2,0
41526,0,0,2,2,0,2,2,0,0,1,1,1,0,1,2,0,0,2,1,1,1
7734,0,1,1,2,0,2,1,0,2,1,1,0,1,1,1,0,2,1,1,1,0
7560,0,0,1,1,1,1,0,2,2,1,0,0,1,0,2,0,0,1,0,1,1
17850,1,0,1,0,0,0,0,2,0,0,0,1,1,1,0,1,1,1,0,2,1
10339,1,1,2,0,0,2,1,0,0,1,1,1,1,0,1,1,2,0,0,2,1
7185,1,0,2,0,1,0,0,1,1,1,0,0,0,0,1,0,0,0,0,0,0
23703,1,1,0,2,0,1,0,2,2,1,0,0,1,0,0,1,0,2,0,2,0
27070,0,0,0,2,1,1,2,2,1,1,1,0,0,0,0,0,0,0,1,0,0
41301,0,1,0,2,1,1,2,1,1,0,1,0,2,0,0,1,2,0,0,2,0
42049,1,1,1,1,1,1,0,0,0,1,1,0,1,0,0,1,2,0,0,1,0
18214,1,1,1,0,1,1,2,0,2,1,0,0,0,1,2,1,0,1,0,0,1
19046,0,0,1,0,0,0,1,0,2,1,1,0,1,1,0,0,1,1,1,2,0
37975,1,1,2,0,0,1,2,0,0,0,0,0,0,1,1,0,1,2,1,0,1
39053,0,1,1,0,0,0,0,1,0,1,1,1,0,1,0,1,0,1,1,1,0
33879,1,1,0,2,0,0,0,1,0,1,1,0,2,1,2,1,0,1,1,0,1
26198,1,0,2,2,1,2,2,0,2,0,1,1,2,0,0,0,0,2,1,1,1
3928,0,1,1,0,1,0,1,0,1,1,1,1,1,0,1,1,2,1,0,1,1
27608,1,0,0,1,1,1,2,0,0,0,1,1,2,0,0,1,2,1,1,2,1
23527,0,1,2,1,1,2,0,2,1,1,1,1,0,0,1,1,0,1,0,0,1
38501,1,1,1,0,1,1,0,1,0,1,0,0,1,0,2,1,2,0,1,2,1
17776,1,1,1,0,0,1,2,1,0,1,1,0,1,1,0,0,2,1,0,2,0
19145,1,0,0,2,0,1,1,1,0,0,0,1,0,1,2,0,0,1,1,1,1
38123,0,1,2,0,0,2,0,0,2,0,0,0,0,1,0,0,2,1,0,1,1
11785,1,1,2,0,0,1,1,0,2,0,1,1,0,1,2,0,2,2,1,0,1
1322,1,1,1,2,0,1,0,2,0,1,0,1,2,1,1,1,2,1,0,2,1
14413,1,0,2,1,1,2,0,0,0,1,1,0,1,0,0,1,2,1,0,0,1
14470,1,1,2,0,0,1,1,1,2,0,1,0,0,1,0,0,2,0,0,1,1
26258,1,1,1,1,0,1,0,1,1,0,1,0,0,1,1,0,2,0,1,0,0
40975,0,0,1,0,0,2,2,0,2,1,0,1,2,1,0,0,0,2,1,2,1
26128,1,0,2,2,1,2,0,0,0,0,1,0,2,0,2,0,1,1,0,2,0
6167,1,1,1,0,1,2,2,1,2,1,0,0,0,1,1,0,2,0,1,0,0
36530,0,1,1,1,1,2,1,2,1,1,1,1,2,1,0,0,2,0,1,2,1
42892,1,0,0,0,0,2,0,1,2,1,1,0,2,1,0,1,0,2,0,0,1
32070,1,0,2,0,1,0,2,1,0,0,0,1,0,0,1,0,2,1,0,0,1
27062,0,1,0,0,0,0,1,2,0,1,0,1,0,1,0,1,0,0,1,2,0
12416,1,0,2,0,0,2,0,2,1,0,0,0,2,1,1,0,0,1,1,0,1
16227,0,0,0,1,0,0,2,2,2,0,1,1,1,1,1,1,0,1,1,1,0
34639,0,1,2,2,0,2,0,1,2,0,1,0,1,0,0,0,0,2,1,1,0
17007,0,0,2,0,0,0,2,2,0,1,1,0,2,0,0,1,0,0,1,1,1
5693,0,1,0,2,1,0,1,0,2,0,0,0,1,0,1,0,0,1,0,1,1
28498,0,0,2,0,0,2,1,1,2,1,0,1,0,0,2,1,0,0,0,1,0
24662,1,1,0,2,0,1,0,0,2,0,1,0,1,1,1,1,2,0,0,1,1
47158,1,0,2,0,1,1,2,2,0,0,0,1,2,1,1,1,0,1,1,0,0
5951,0,0,1,2,1,0,2,0,1,0,1,0,1,1,2,1,2,1,1,0,1
11943,1,1,1,2,1,0,0,2,2,0,1,0,0,0,2,0,2,2,1,0,0
32160,1,0,2,2,1,1,1,2,0,1,1,1,0,1,0,0,2,1,1,0,1
17114,1,0,0,0,1,2,1,1,2,1,1,1,1,1,1,1,1,1,0,1,1
9293,1,0,2,1,1,1,2,0,0,0,0,1,0,0,0,1,1,1,1,2,1
20767,0,0,1,1,0,1,2,2,1,0,0,0,1,1,0,0,2,1,1,1,1
17426,0,0,0,0,1,0,1,1,2,0,0,0,1,0,2,1,1,1,0,0,1
24060,0,0,0,0,0,1,2,0,0,0,1,0,0,1,1,1,0,0,0,1,0
28575,1,1,1,0,1,1,2,2,2,1,0,1,1,0,2,0,2,2,1,2,0
25865,0,1,0,1,1,1,2,1,0,1,1,0,0,0,1,0,0,1,1,0,1
35082,1,1,0,1,0,2,2,2,0,0,1,1,1,1,2,0,0,0,1,0,0
34881,0,0,2,1,0,0,0,1,2,1,0,1,2,1,1,1,2,1,1,2,1
13958,1,0,0,0,1,2,2,1,1,0,0,1,1,1,0,1,2,1,0,0,0
18758,0,0,1,0,1,1,2,2,0,0,1,0,0,0,1,1,1,0,0,1,1
47389,0,1,1,2,1,0,0,2,2,1,1,1,2,1,1,1,2,1,0,1,0
42028,1,1,0,0,0,2,2,2,0,1,0,0,1,1,0,0,0,1,0,2,1
30549,0,1,2,1,1,0,2,0,1,0,1,0,1,1,0,0,0,0,0,0,1
16160,0,0,1,0,0,2,2,2,0,0,1,1,1,1,0,1,0,0,1,2,0
13592,1,0,0,2,0,2,1,2,0,1,1,0,0,0,1,0,0,1,0,2,1
4962,1,1,2,0,1,1,2,0,1,1,1,0,1,0,2,1,0,1,1,0,1
41477,1,0,2,1,1,2,1,2,0,1,1,1,1,0,2,0,0,1,1,1,1
15167,0,0,0,0,0,0,2,0,2,1,1,1,2,1,2,1,0,1,0,0,0
14439,0,0,2,0,0,2,1,2,1,0,0,0,2,0,0,0,1,1,0,2,1
42876,0,1,2,2,0,1,0,2,2,1,0,0,2,0,0,1,0,0,0,2,0
16577,1,1,1,0,0,1,1,0,0,0,0,0,1,1,0,1,1,0,1,0,0
47646,0,1,2,0,1,1,1,2,0,1,0,1,1,0,1,1,2,2,0,2,1
26385,1,0,2,2,1,0,0,1,1,1,0,0,2,1,0,1,1,1,0,2,0
44183,1,1,1,0,1,1,1,0,0,1,1,0,0,0,1,0,2,1,1,0,1
30481,0,0,1,1,0,1,0,2,2,1,1,1,1,1,2,1,2,1,0,0,0
793,0,0,0,0,1,1,2,1,1,0,0,0,2,1,1,0,2,0,0,0,1
41852,0,0,1,1,1,0,2,0,0,0,0,0,1,0,1,0,2,2,1,2,0
48163,0,0,0,2,0,1,2,1,1,0,0,1,2,0,0,0,1,2,0,0,1
36562,0,1,2,1,0,1,1,2,2,0,1,1,0,0,1,0,2,1,0,2,0
13642,1,1,2,1,0,1,2,0,2,0,0,0,0,0,0,1,2,1,1,1,0
25714,1,0,1,2,0,2,0,0,2,0,0,0,0,1,1,1,2,1,0,0,0
19730,1,1,2,0,1,2,2,2,0,1,1,0,1,1,1,1,2,0,0,1,0
10338,0,0,0,1,1,0,1,0,0,1,1,0,0,1,1,0,0,1,0,2,0
47235,0,0,1,0,1,0,1,1,0,1,1,1,2,0,2,0,0,0,0,1,1
21705,1,1,2,0,1,0,0,0,2,0,1,0,0,1,2,1,0,2,0,1,1
23914,1,0,1,0,1,2,1,0,2,0,0,0,2,1,2,0,2,2,0,2,0
27997,1,0,0,2,0,0,2,0,2,0,0,0,2,0,1,0,2,1,0,2,1
5887,1,0,2,1,0,1,1,2,2,1,1,1,1,0,1,1,0,1,1,0,1
44464,1,1,2,2,1,1,2,2,0,1,1,0,1,1,0,0,2,1,0,2,1
9829,1,1,1,2,1,2,2,1,1,1,1,1,1,0,1,0,2,1,1,1,0
29086,0,0,1,0,1,0,2,2,0,0,1,1,1,0,1,0,2,1,1,2,0
18966,0,0,0,2,1,0,0,0,2,1,1,1,0,1,0,0,0,1,1,1,0
40950,1,0,1,2,1,2,2,1,0,0,0,1,2,0,1,0,0,1,1,2,1
31650,1,0,1,1,0,2,2,0,2,0,0,1,0,0,2,0,2,1,0,2,0
35138,0,1,2,2,0,2,0,0,0,0,1,0,2,1,2,0,1,2,1,1,1
33796,0,1,2,0,0,1,0,0,1,1,1,1,0,1,2,0,1,1,1,0,1
3926,1,1,0,1,1,1,0,0,1,0,0,0,0,0,0,1,0,1,1,1,1
28275,0,0,2,0,1,0,1,2,2,1,1,1,0,0,0,0,2,1,0,2,1
16833,1,1,2,0,0,1,1,2,1,1,1,0,1,1,1,1,2,2,1,1,0
36466,0,1,1,0,0,0,0,2,1,1,0,1,2,0,2,1,2,1,1,2,0
47223,0,0,1,2,0,0,1,1,2,1,1,0,0,1,2,0,2,1,0,1,1
15252,0,0,1,1,1,1,0,1,0,0,1,1,0,1,0,0,2,1,0,1,1
8509,1,1,1,0,0,0,2,0,2,0,1,1,1,1,0,1,2,1,0,2,0
1918,1,0,1,0,0,2,0,1,2,0,0,0,2,1,2,0,2,0,1,1,0
13765,0,1,2,0,0,2,2,1,2,1,0,0,1,1,0,0,1,1,0,0,1
3948,0,0,0,0,1,2,2,1,1,1,1,1,2,0,1,0,0,2,0,1,1
20373,0,1,1,2,0,1,1,2,0,1,1,1,1,1,1,0,2,1,1,1,1
45487,0,0,0,0,1,1,0,0,2,1,1,1,2,1,2,0,2,1,0,1,1
39549,1,0,1,1,0,1,1,2,2,1,0,1,2,1,2,0,0,1,0,1,1
41594,0,1,1,2,0,2,0,2,2,0,1,0,0,1,0,1,0,0,0,0,0
20159,0,0,0,0,1,1,2,1,0,0,0,0,0,0,2,0,1,0,1,1,1
14661,0,0,1,2,0,2,1,2,2,0,1,0,2,0,0,0,2,1,0,0,0
35991,1,1,1,1,1,1,1,1,2,1,0,0,1,0,1,1,0,2,0,1,1
40818,1,1,1,1,1,1,2,0,1,1,1,1,0,0,1,0,2,0,1,0,1
16862,1,1,1,1,0,2,1,2,2,1,0,0,0,1,1,0,1,1,0,0,0
40790,1,1,1,1,1,2,0,2,0,1,1,1,2,0,0,1,2,2,1,2,1
22746,0,1,1,0,0,0,1,0,0,1,1,0,1,0,0,0,2,0,0,0,0
41837,0,1,0,2,1,2,0,0,0,0,1,1,1,0,1,1,2,1,1,0,1
47852,1,0,0,0,0,0,2,2,1,0,0,0,1,1,2,0,1,1,0,1,1
30675,1,1,1,1,1,1,2,2,2,1,0,0,2,1,0,0,2,0,0,1,0
41087,1,0,0,2,0,2,2,2,2,0,1,0,0,0,0,1,2,1,1,1,1
43917,0,0,1,1,1,1,2,2,1,1,1,1,0,0,2,0,0,2,1,1,1
19147,0,1,2,0,0,2,2,0,2,0,1,0,1,0,0,0,1,2,1,1,1
20517,0,0,2,2,1,2,1,0,2,0,1,1,0,0,0,1,1,1,1,1,1
15787,0,1,2,1,1,2,2,2,1,1,1,1,0,1,1,0,0,1,0,0,1
328,0,0,2,2,0,1,2,1,2,0,1,1,0,1,2,1,2,1,1,2,0
17777,0,1,2,2,1,1,0,0,0,0,0,0,1,1,2,0,0,1,0,2,0
9434,1,0,1,1,0,2,2,0,2,1,0,0,0,1,0,0,2,1,0,0,1
41177,0,0,0,1,1,0,2,0,0,0,0,1,2,0,1,0,0,1,0,1,0
18972,0,0,0,0,1,0,0,0,1,0,1,1,2,0,2,0,0,1,0,2,1
36850,0,1,2,0,0,2,0,2,0,1,1,0,1,1,1,1,0,2,0,0,0
7729,1,0,1,2,0,1,1,1,0,1,1,1,0,0,2,1,0,1,0,2,1
40633,1,0,2,2,0,0,0,0,0,1,1,0,2,1,2,1,2,1,1,2,1
46115,0,0,0,0,1,2,0,1,0,1,1,0,1,0,1,1,2,1,0,0,1
33542,1,1,2,2,0,1,2,0,2,0,0,0,1,1,1,1,1,1,1,1,0
35207,1,1,1,1,0,2,2,0,0,1,0,1,2,1,0,0,0,1,0,2,0
42495,0,0,1,0,0,1,2,0,1,0,0,1,1,1,1,1,0,0,0,2,0
42513,0,1,2,1,1,1,0,0,0,1,0,0,0,1,0,1,0,1,1,2,1
44661,0,0,1,1,1,1,0,2,0,1,1,0,2,0,2,1,0,1,0,2,1
24312,0,0,1,0,1,0,0,0,0,0,0,0,2,1,2,1,1,1,0,1,0
18260,0,0,1,0,0,2,0,2,1,1,1,0,0,0,1,1,0,0,1,0,1
22203,0,0,2,1,0,0,1,2,0,1,1,1,1,1,1,0,2,1,1,2,1
20451,1,0,1,0,0,2,0,0,0,1,0,0,0,0,2,1,2,1,1,0,1
42951,0,0,0,0,0,1,2,2,2,1,0,0,2,0,0,1,0,0,1,0,0
49318,0,0,2,2,1,1,0,2,0,1,0,1,0,0,0,0,0,1,1,1,0
35439,0,0,2,0,0,0,2,0,1,0,0,0,2,0,2,1,0,1,1,2,1
39347,1,0,2,2,0,1,0,0,0,1,0,0,0,1,2,1,2,1,0,2,1
38339,1,1,2,0,1,2,1,2,2,1,1,1,1,0,1,1,1,2,1,2,1
628,0,0,1,0,1,2,1,0,0,1,0,0,2,1,1,0,2,0,1,1,1
24782,0,0,2,2,0,1,2,0,0,0,0,0,2,1,2,0,1,1,1,0,0
29878,1,1,2,1,1,1,2,2,2,0,0,0,2,0,2,1,2,0,1,1,0
9477,1,0,2,0,0,2,0,1,0,1,1,1,2,1,1,1,1,1,0,2,0
5572,0,0,1,1,0,1,0,1,1,1,1,0,1,1,0,1,1,1,1,2,0
11860,0,0,1,2,1,1,2,2,0,1,0,0,2,0,0,1,2,1,0,1,0
12127,0,0,2,1,0,0,0,2,2,0,0,1,1,0,1,0,2,1,0,2,0
22809,1,1,1,2,1,1,2,0,0,0,0,0,1,1,1,1,0,0,1,0,0
3190,1,1,2,1,0,0,0,2,0,0,0,1,2,1,2,1,0,2,0,0,0
23836,0,1,1,1,1,2,0,2,0,0,0,0,0,1,2,0,0,1,0,2,1
2250,1,1,2,2,0,0,2,1,0,0,1,1,0,1,2,1,0,2,1,0,1
2050,1,1,2,0,1,1,1,1,0,0,0,0,1,1,2,0,2,2,0,0,1
39769,1,1,1,0,0,1,1,0,0,1,0,0,0,1,1,0,0,1,1,1,1
41798,1,0,2,0,0,2,2,2,1,0,0,0,2,1,1,1,0,0,1,0,1
14348,1,1,1,2,0,0,1,2,2,1,1,0,2,0,0,0,0,0,0,2,1
14758,0,1,2,0,1,0,2,1,2,0,1,0,1,0,1,1,0,2,1,0,1
40061,0,0,1,2,1,2,1,0,0,1,0,0,1,1,2,0,2,1,1,2,1
1036,0,1,1,0,0,0,0,2,0,0,0,1,1,0,0,0,2,2,1,0,1
31676,0,1,1,0,0,0,0,2,0,1,1,0,0,0,2,1,0,1,0,0,1
33436,1,1,1,2,1,2,2,0,2,1,1,0,1,1,0,0,0,1,1,2,1
30349,1,1,2,2,0,2,2,2,2,0,0,1,1,0,0,1,0,2,0,0,1
11700,1,1,0,0,1,2,1,2,2,1,1,1,0,1,1,0,2,1,1,2,0
24522,1,0,1,1,1,1,1,0,0,0,0,1,2,1,2,0,2,1,1,0,0
391,1,1,1,1,1,1,0,2,1,1,1,0,0,1,1,1,0,0,1,0,0
4527,1,0,0,1,0,2,1,1,2,0,0,0,2,1,0,1,0,1,0,0,0
30987,0,0,1,0,0,1,1,1,0,1,0,0,2,1,0,1,0,1,1,1,1
17280,1,1,1,2,0,1,2,0,0,1,0,1,1,1,0,0,1,0,1,2,1
27969,0,1,1,1,1,2,1,0,2,1,0,1,0,1,1,0,2,0,0,0,1
12629,1,0,2,0,0,2,0,0,2,1,1,0,0,1,2,1,2,0,1,0,1
27961,0,0,1,1,1,1,2,2,0,0,0,1,1,1,0,0,1,1,0,2,1
26589,0,0,0,0,1,1,0,0,0,1,1,1,1,0,1,0,0,0,1,1,1
46441,1,1,2,2,0,0,0,0,1,1,1,1,1,1,1,1,2,1,0,1,1
12138,0,0,0,2,0,2,2,1,1,0,1,0,0,0,0,1,1,1,1,0,0
17389,1,0,2,2,1,2,2,2,2,0,1,0,2,0,0,0,0,1,1,0,0
37834,1,0,1,2,1,1,1,1,0,1,1,1,2,0,1,0,0,1,1,1,0
111,1,1,1,2,1,0,1,1,1,0,0,0,1,0,0,0,0,1,0,1,0
44611,1,1,0,1,0,1,0,1,2,0,1,1,1,0,1,0,0,0,0,1,0
1847,0,1,0,2,0,1,0,2,2,1,0,1,2,0,0,1,0,0,0,2,0
49937,1,1,1,0,1,1,2,2,0,0,0,0,0,0,1,0,0,2,0,2,1
33025,1,0,0,2,0,2,1,1,2,1,1,1,2,1,1,0,0,1,1,1,0
41618,1,0,0,0,1,2,1,1,1,0,1,1,1,0,1,0,0,1,1,0,1
6117,0,0,0,0,1,2,0,0,2,1,0,1,2,0,1,0,0,0,1,0,0
15524,0,1,2,1,1,2,1,0,2,0,0,0,2,1,1,0,2,1,1,2,1
22484,0,1,1,0,1,2,2,0,0,0,0,0,0,0,2,1,0,1,0,2,0
37272,0,1,2,1,0,0,2,1,2,1,0,0,2,1,1,0,0,0,1,1,0
29131,1,1,2,0,0,2,1,0,1,1,1,1,1,1,1,0,0,2,1,0,1
10349,0,0,0,2,1,2,2,1,2,0,1,1,2,1,2,0,1,2,0,0,0
15903,1,0,2,0,1,1,1,2,2,1,1,1,2,0,1,0,2,1,1,0,1
3604,0,0,1,0,0,1,0,2,1,1,1,1,1,1,2,1,0,0,1,1,1
20856,1,1,0,2,0,2,2,0,0,0,0,0,1,0,2,1,0,1,0,2,0
46555,0,1,0,1,1,1,1,2,2,1,1,0,2,0,2,0,0,0,0,1,1
30274,1,1,1,1,0,1,0,1,2,1,1,1,0,1,2,1,2,1,0,1,1
18970,1,1,0,0,0,2,1,2,0,0,0,0,0,1,0,0,2,0,0,1,0
21247,0,0,1,0,1,1,2,1,2,0,0,0,0,0,1,1,2,0,0,0,1
13811,0,0,2,1,0,1,2,0,2,0,0,1,1,0,2,1,0,1,0,2,0
1475,0,1,1,0,0,2,2,0,0,0,0,0,0,1,2,0,1,1,0,2,0
1882,0,0,1,1,0,1,2,1,2,0,0,1,2,1,1,1,0,1,1,0,1
29094,0,1,0,0,0,0,1,2,1,0,1,0,1,1,2,0,2,2,0,2,0
19035,1,1,0,2,0,1,0,1,1,0,1,1,0,1,0,0,0,0,1,0,1
36915,0,0,2,0,1,0,2,2,0,1,1,0,0,0,1,0,1,0,0,0,0
21066,1,1,0,2,0,2,2,1,1,0,0,1,1,0,0,1,0,1,0,0,0
28612,1,0,1,2,0,2,2,0,2,0,0,1,0,0,1,0,2,1,1,0,0
38880,1,0,2,0,1,0,2,1,0,1,0,0,1,0,1,0,0,1,0,2,1
33192,1,1,0,0,0,1,0,2,0,0,0,1,0,1,2,0,2,0,1,2,0
7566,0,1,0,0,1,1,1,1,2,0,1,0,0,1,1,1,0,0,0,1,0
44149,0,0,2,1,1,0,1,2,2,1,1,1,1,1,0,0,0,1,1,1,0
40616,0,1,1,1,0,1,1,1,2,1,0,0,2,0,2,1,2,0,1,2,0
22546,0,1,0,0,1,2,0,0,2,0,0,1,1,0,2,0,1,1,0,2,1
25255,1,1,1,2,0,0,2,0,1,0,0,1,1,1,1,1,2,1,1,2,0
6143,1,1,0,0,1,0,2,2,0,1,0,1,1,1,1,0,2,1,1,0,0
27112,0,0,1,0,1,1,1,0,2,1,1,0,1,0,2,0,2,0,1,2,1
9029,0,1,0,1,0,2,0,2,2,0,0,0,0,1,2,0,0,1,1,1,0
38882,0,1,2,2,1,1,0,2,0,0,1,0,0,0,0,1,1,0,1,0,0
37046,1,0,1,1,1,2,2,1,0,0,0,0,0,1,0,0,2,1,0,1,0
29755,1,1,0,0,1,2,2,0,0,1,1,0,0,1,2,0,0,1,0,0,0
26919,1,0,0,2,0,0,2,2,0,0,1,0,2,0,1,1,0,1,1,1,1
32910,0,0,0,0,1,2,0,2,2,1,1,1,2,1,1,1,0,1,1,0,0
21296,1,1,2,1,1,2,1,2,1,1,1,1,2,0,1,0,1,0,1,2,1
1253,1,1,2,0,1,1,2,1,1,0,0,0,0,1,2,0,0,0,1,0,1
15468,0,1,0,0,1,1,1,1,0,0,1,1,1,0,2,0,2,2,1,1,0
46192,1,1,1,0,0,1,0,2,1,0,0,0,0,1,0,0,2,1,0,1,0
48185,1,0,2,0,0,0,0,0,2,0,1,0,2,1,0,0,2,1,1,2,1
43295,0,0,1,1,0,1,2,2,2,1,1,1,1,0,2,0,2,1,0,0,1
43039,1,0,0,1,0,1,1,1,1,0,0,1,2,0,1,0,0,1,1,1,0
30649,0,1,0,2,1,1,2,0,2,0,1,0,1,1,0,1,2,1,1,2,0
23780,0,0,1,1,1,1,2,2,0,0,1,0,1,1,2,1,2,1,0,1,0
3480,0,1,1,0,1,2,2,1,2,0,0,0,0,1,2,0,2,2,1,0,0
44155,1,0,2,0,0,2,2,2,1,0,0,1,2,1,1,1,2,1,0,1,1
15981,1,0,0,0,1,2,1,0,0,0,0,0,1,0,2,0,1,1,0,1,1
14934,1,0,1,0,0,2,0,2,0,1,1,1,1,1,0,0,1,1,0,0,1
32895,0,0,2,0,1,2,2,0,0,0,1,1,2,1,2,1,2,1,0,2,0
12969,1,0,2,1,1,2,0,1,0,1,1,0,0,1,0,1,2,1,1,1,1
22310,1,0,0,1,0,2,2,1,0,0,1,0,1,1,1,0,0,0,1,0,0
22798,1,0,0,2,0,2,2,0,2,0,1,0,0,1,1,1,2,1,0,0,0
25070,0,0,0,0,1,2,2,0,0,0,1,0,1,0,1,1,0,0,1,2,0
11496,1,0,1,0,0,2,1,0,2,1,1,0,2,0,0,0,1,1,1,1,0
37873,1,1,1,0,1,1,2,0,2,0,1,0,0,1,2,1,2,1,0,2,1
4779,0,0,1,1,1,2,0,0,0,1,0,0,0,0,0,0,0,1,1,2,0
44907,0,0,2,2,1,1,0,2,2,0,1,1,0,0,2,1,0,1,0,2,1
20725,0,1,1,0,1,1,1,1,0,1,1,0,0,0,2,0,0,1,1,2,0
9823,1,0,1,0,0,2,0,2,2,0,1,0,2,0,0,1,2,0,1,0,0
14658,1,1,2,0,1,2,1,1,0,0,0,0,1,0,2,0,2,1,0,1,0
9696,0,1,1,1,1,2,0,2,0,0,0,1,1,0,0,1,2,0,0,0,0
34574,0,0,0,0,0,0,0,2,1,0,0,0,2,1,1,0,2,0,1,0,0
26517,1,1,1,0,0,1,2,2,1,0,0,0,0,0,1,1,2,1,1,0,0
49071,0,0,1,0,1,1,0,1,1,0,1,1,0,0,0,1,2,0,1,2,0
3100,1,0,1,1,0,2,0,1,2,1,0,1,0,1,1,1,2,2,1,1,0
32842,0,0,1,2,1,1,0,0,1,1,0,1,0,0,2,0,0,1,1,0,1
49263,1,1,2,0,1,1,2,2,2,0,0,0,0,0,1,0,2,2,1,1,1
17851,0,0,1,1,1,0,2,1,2,1,0,0,1,1,2,0,2,2,1,1,0
26957,0,1,0,1,1,1,2,2,0,0,1,1,2,1,2,0,0,0,1,1,1
27740,1,1,0,1,0,2,1,2,1,1,1,0,0,0,0,1,0,0,0,2,0
8033,0,1,2,0,1,1,2,2,2,1,1,1,0,1,0,1,2,0,0,0,1
30369,1,1,0,1,1,0,2,0,0,0,0,1,0,0,2,0,0,1,1,2,0
20077,0,1,1,1,0,0,2,1,0,0,0,0,1,1,1,0,2,2,1,1,0
4267,0,1,1,1,0,2,2,2,0,1,1,0,1,1,1,0,2,1,1,2,0
10554,0,1,2,1,0,2,0,0,2,0,0,1,0,0,0,1,1,0,0,2,1
18672,0,1,1,1,0,2,1,1,1,1,1,1,2,1,0,0,0,2,0,2,1
26885,0,1,0,0,1,2,0,1,2,1,1,0,0,0,0,1,1,2,0,1,0
5306,1,0,1,0,0,2,1,0,0,1,1,1,0,1,0,1,0,1,1,0,0
30157,1,1,2,0,0,2,2,2,0,0,0,1,0,0,2,0,2,1,1,2,0
42595,0,1,1,0,0,0,2,0,2,0,0,0,0,1,2,1,2,1,0,1,0
18512,0,0,0,0,0,2,2,2,0,0,1,1,2,1,0,1,0,1,0,1,1
48505,0,0,0,2,1,2,0,1,2,1,1,0,1,0,0,0,2,0,1,0,0
40261,1,0,1,1,0,2,1,1,0,1,0,0,2,1,1,0,2,1,0,0,0
2426,0,1,0,1,1,2,0,0,2,1,1,0,2,1,1,1,1,2,1,1,0
22687,0,0,0,0,1,2,0,1,0,1,1,0,2,0,1,1,0,1,0,0,0
14195,1,1,0,0,0,0,0,1,0,1,1,0,1,1,0,0,0,2,1,1,0
8407,0,0,1,2,1,0,1,2,2,1,1,0,2,0,2,0,0,2,0,2,0
6641,0,1,1,1,1,2,1,2,1,1,1,0,0,0,2,1,1,1,0,0,1
23215,1,0,0,2,0,1,1,2,0,1,0,1,2,0,1,0,2,1,0,1,0
4,1,1,1,1,1,1,2,1,2,1,1,1,0,0,0,1,2,0,0,1,1
22446,0,0,2,0,1,2,2,0,2,0,0,1,0,0,2,1,2,0,0,2,1
10661,1,1,1,1,0,1,0,2,2,1,1,1,0,0,0,1,2,1,0,2,0
24994,1,1,1,1,0,1,2,2,0,1,0,1,0,1,2,0,2,0,0,1,0
20567,0,1,1,1,0,2,1,2,0,1,1,1,1,0,2,0,1,0,1,1,0
7564,1,0,2,2,1,0,1,2,1,0,1,0,0,1,0,0,2,1,1,1,0
47242,0,0,2,2,0,2,1,2,0,1,1,0,1,0,1,1,1,1,1,0,0
33336,1,1,0,1,0,0,0,0,0,1,1,0,1,1,0,1,0,2,0,1,1
20712,1,0,0,0,1,2,2,1,0,0,1,0,0,0,1,1,1,0,1,2,1
41677,0,0,0,2,1,0,2,0,1,0,1,0,0,0,2,1,0,1,1,1,0
17460,0,0,2,2,1,0,1,1,1,0,0,1,0,1,2,0,0,1,0,2,1
19132,1,1,0,0,1,2,2,0,2,0,0,1,1,1,2,0,0,1,0,2,1
48717,0,1,0,0,0,0,2,2,0,1,1,0,0,1,2,0,1,1,1,0,0
10964,0,0,1,0,1,0,0,2,0,0,1,1,0,0,1,1,0,0,0,0,1
48729,1,1,1,2,0,2,2,1,1,0,0,1,1,1,1,1,2,2,0,0,0
5726,1,1,2,1,0,0,0,2,2,1,0,0,2,1,2,1,1,2,0,0,0
29832,0,0,0,2,0,1,2,0,0,0,1,1,0,1,2,0,0,1,1,1,1
29072,1,1,2,1,0,0,0,2,0,1,1,1,0,1,2,1,2,1,0,2,0
11457,1,1,0,0,0,2,2,0,2,0,1,0,1,1,0,1,0,1,0,2,0
27635,1,0,1,2,1,2,2,0,2,1,1,0,0,0,1,1,2,1,1,0,1
16135,1,1,2,0,1,2,2,0,2,0,1,0,2,1,1,0,0,1,1,0,0
7818,0,1,1,0,1,2,1,2,1,0,0,1,0,0,2,0,2,2,1,1,0
5115,0,1,1,1,1,2,0,0,0,0,0,0,0,1,0,1,1,1,0,1,1
41335,1,0,0,1,0,0,2,2,2,0,0,0,2,1,2,0,2,1,1,2,1
1009,0,1,0,0,1,1,0,1,1,0,1,1,1,1,1,1,0,1,0,2,1
28335,1,0,0,1,1,2,1,2,1,1,1,0,2,0,1,0,0,1,1,0,1
16456,1,0,1,2,0,1,1,2,1,1,1,0,2,1,1,0,2,2,0,2,0
12056,1,0,1,2,0,0,0,1,1,1,0,1,0,1,1,1,0,1,1,1,0
16413,0,0,0,2,0,0,0,1,0,0,1,1,1,1,2,0,2,1,0,1,1
7008,1,0,1,0,0,2,1,1,0,0,1,1,2,1,0,0,2,1,0,1,1
2645,1,0,1,0,0,1,1,0,0,1,1,1,1,1,1,1,0,0,0,1,1
4847,1,1,2,2,1,0,2,1,0,0,0,1,2,0,1,1,2,0,0,2,0
8425,0,0,0,2,1,0,2,1,0,0,0,1,0,1,1,0,0,1,1,1,0
7379,1,1,1,2,1,1,2,0,1,0,0,0,1,0,2,1,2,1,0,1,0
32691,1,0,2,1,0,1,0,1,1,0,1,0,0,1,1,1,2,0,0,0,1
22322,0,0,1,0,1,0,2,2,0,0,1,0,2,1,2,0,0,1,0,2,0
11856,1,0,0,0,1,0,2,1,1,0,1,1,0,1,1,1,0,0,1,0,0
728,1,0,1,1,0,2,1,0,2,0,0,1,0,0,2,0,2,1,0,2,0
39836,0,0,2,0,0,1,0,0,1,1,0,1,2,1,2,1,0,0,1,0,1
36000,0,1,2,2,0,2,0,0,2,1,1,1,0,0,1,0,0,2,0,1,0
14701,0,1,0,2,1,0,0,2,2,1,1,1,2,1,1,1,0,1,1,0,0
15735,1,0,1,1,1,2,2,2,2,0,0,0,0,0,2,1,1,1,0,0,1
38969,0,1,1,2,0,2,2,1,1,0,0,0,1,0,0,0,0,1,0,1,1
20883,0,1,2,1,0,2,2,2,2,0,1,0,1,1,2,0,0,0,0,2,1
10887,1,1,1,2,1,1,2,1,1,0,0,0,1,1,0,1,0,1,1,2,0
8603,1,1,1,2,0,1,1,1,1,1,1,0,0,1,0,0,0,0,1,1,1
38155,1,1,0,1,0,2,2,2,0,1,1,0,1,0,2,1,2,0,1,0,0
29933,0,1,0,2,1,1,1,0,0,0,0,0,1,0,2,0,0,2,0,2,0
4788,0,1,0,0,0,1,1,2,0,1,0,0,2,0,2,0,0,2,0,0,1
28262,1,1,1,1,0,1,0,0,2,0,1,1,1,0,0,0,2,1,0,1,1
32339,1,0,2,1,1,2,0,2,0,1,1,0,2,0,2,1,2,1,0,2,1
42780,0,1,2,2,1,1,0,2,2,0,1,0,1,1,2,1,1,2,0,2,0
45561,0,0,2,0,0,2,1,1,2,1,0,0,2,1,2,0,1,1,0,0,1
22690,1,1,1,2,0,2,1,1,2,1,1,0,1,0,0,1,0,2,1,2,1
21677,0,0,1,1,0,1,0,2,2,0,0,0,2,0,0,0,2,1,1,2,1
42552,0,0,2,2,1,2,1,0,1,1,1,0,2,0,2,1,2,1,0,0,0
33984,0,1,0,1,1,1,1,0,0,1,1,0,0,0,0,0,0,1,0,1,0
24472,1,0,1,0,0,2,0,0,2,1,1,1,2,1,0,1,2,1,1,2,0
41820,0,1,1,0,1,2,1,1,2,1,1,0,0,0,1,1,2,0,0,0,1
33561,1,0,2,2,0,2,0,0,1,0,1,0,1,1,0,1,2,1,0,1,1
26523,1,1,0,1,0,1,0,1,0,0,0,1,2,0,1,1,0,0,0,2,0
24677,1,0,1,0,0,1,1,0,0,1,1,0,0,0,1,1,2,0,1,2,1
7421,0,0,2,2,1,2,1,2,2,1,1,0,1,1,2,1,1,0,0,0,1
20998,0,1,2,0,0,2,0,0,2,1,1,1,0,1,2,0,2,1,1,1,1
45196,1,1,0,0,0,2,2,0,0,0,0,1,0,1,0,1,0,1,1,0,0
14326,0,0,1,1,1,1,2,2,0,0,0,0,2,0,2,1,1,1,1,0,1
31131,1,1,2,2,0,2,2,0,2,0,1,0,1,1,1,1,2,1,0,1,1
16886,0,1,2,2,0,1,0,0,2,1,1,0,1,1,1,1,2,1,0,2,1
358,0,1,2,1,1,2,2,2,0,0,0,0,1,0,2,1,2,0,0,1,1
35688,0,1,0,1,0,2,1,2,1,1,0,0,2,1,0,1,2,0,0,2,1
8604,1,1,2,0,0,0,0,1,2,0,0,0,1,1,0,1,2,2,1,0,1
36054,0,0,1,1,0,1,2,2,2,1,1,0,1,0,2,0,1,1,0,0,0
40211,1,1,0,2,0,1,0,1,0,0,1,0,0,0,2,0,0,0,0,1,1
47327,1,1,1,1,1,2,0,2,0,1,0,1,1,1,0,1,1,0,0,0,0
20311,1,0,2,2,1,1,1,0,1,1,1,1,2,0,2,0,0,0,1,2,0
28984,1,0,0,2,0,2,2,2,2,1,1,1,2,1,0,1,0,1,1,0,0
3592,1,0,2,1,0,0,0,1,0,0,0,0,0,0,1,1,1,1,1,2,1
4251,1,0,1,0,1,2,1,0,2,1,1,0,2,0,2,0,2,0,0,2,1
4728,1,1,1,0,0,1,0,1,1,1,1,1,1,0,2,1,0,2,1,2,1
13215,1,0,2,0,1,2,2,2,0,0,0,0,2,0,1,0,1,0,0,1,0
32829,0,0,1,1,0,0,2,1,1,1,1,0,0,1,1,0,1,2,1,0,1
31101,1,0,0,2,0,1,0,2,2,1,1,0,2,1,0,1,0,1,1,2,1
7122,1,1,1,0,0,1,2,0,1,0,0,1,0,1,1,1,2,1,1,1,1
10878,0,0,2,1,0,1,0,0,2,0,0,1,0,1,0,0,0,1,1,1,1
8786,0,0,1,0,1,1,2,1,1,0,1,1,2,0,0,0,1,1,0,2,1
39772,0,0,2,2,0,0,0,1,0,1,0,1,2,1,1,0,0,0,1,1,0
19201,0,1,0,1,1,1,1,1,0,1,1,0,0,1,0,0,1,1,0,0,1
24989,0,1,1,0,0,2,1,2,0,1,1,1,0,1,1,0,1,1,0,1,0
34688,1,0,0,2,1,2,2,1,0,1,1,1,0,0,1,0,0,1,0,0,1
44615,1,1,2,1,1,1,1,2,0,0,0,0,0,1,0,0,2,1,1,1,0
13663,0,1,1,1,1,0,2,1,0,1,1,1,0,1,0,1,2,0,0,0,0
35205,1,1,1,0,0,1,0,2,0,0,0,0,0,0,0,1,0,2,0,2,1
38095,0,0,2,1,1,1,2,2,0,0,0,0,0,0,2,1,1,2,0,2,0
37450,1,0,2,0,1,2,0,1,2,1,1,1,2,1,1,1,2,1,1,2,1
14850,0,1,0,2,1,0,2,2,0,1,1,0,1,0,0,1,1,2,0,0,1
32303,0,0,0,0,1,0,0,1,2,1,1,1,2,0,1,1,0,2,1,1,0
15705,1,1,1,2,1,1,1,0,0,1,1,0,0,1,2,0,1,0,0,0,1
34691,1,1,1,1,1,2,2,1,0,0,1,1,0,0,0,0,1,1,1,0,1
30733,1,1,2,0,0,2,1,1,0,1,1,1,0,1,1,0,1,0,1,2,0
10937,0,1,1,0,0,0,1,0,0,1,1,1,1,1,2,0,0,1,0,2,1
24800,0,0,1,2,1,1,2,1,2,0,0,1,2,1,1,1,0,1,0,2,0
33061,1,1,0,1,1,2,2,1,0,0,0,0,2,0,0,0,1,1,0,1,1
17376,0,0,1,0,0,0,2,1,2,1,1,1,1,1,2,0,2,0,1,1,1
34339,1,1,1,1,1,0,2,1,0,1,1,1,0,0,0,1,2,1,1,0,0
38811,1,1,1,0,0,1,2,1,0,0,1,1,0,1,0,1,2,2,1,0,1
11379,0,0,1,1,0,0,1,2,2,0,1,0,1,1,0,0,1,1,1,2,1
28324,0,0,1,0,1,1,2,1,2,1,1,0,0,1,0,1,2,1,0,2,0
9787,0,0,1,1,1,1,2,2,2,0,0,1,0,0,2,1,2,1,1,2,0
25906,0,0,0,2,1,1,2,0,1,0,0,1,1,1,2,1,2,1,0,1,1
35983,1,0,2,1,0,2,2,2,2,0,1,0,1,0,1,0,1,2,0,2,1
20377,0,1,1,0,1,0,0,1,1,1,0,0,0,1,2,0,2,1,1,0,0
12563,0,0,2,2,0,1,2,2,2,0,0,0,0,1,0,1,0,1,1,0,1
40675,0,0,1,1,0,1,1,1,0,1,0,0,2,1,1,0,2,1,0,0,1
42137,0,1,0,1,0,0,0,2,0,1,1,1,0,0,2,1,0,2,0,0,0
11328,0,1,1,1,0,2,1,1,2,1,1,1,0,1,2,0,1,1,1,0,1
20553,1,1,0,1,0,0,0,2,1,1,1,1,0,1,0,0,0,1,1,2,0
25427,0,1,1,1,1,2,0,0,0,0,0,1,0,0,0,0,0,1,0,1,1
41350,0,0,2,1,1,2,2,2,2,1,1,1,2,0,0,1,1,0,1,2,0
32087,1,1,1,0,0,1,2,0,0,1,0,0,1,1,1,1,2,2,1,2,1
22269,0,0,0,1,0,0,1,1,2,0,0,0,2,1,1,0,0,1,1,1,0
26459,0,1,1,2,1,2,0,0,0,1,0,1,0,0,1,0,2,2,0,2,0
43883,1,0,2,0,0,0,2,2,0,0,1,0,1,1,0,0,0,0,1,0,0
31331,0,0,2,2,1,1,2,0,2,0,0,0,1,0,0,0,2,1,1,2,1
12405,0,0,0,0,0,0,0,2,1,1,0,0,2,1,0,1,2,0,0,0,0
40665,0,0,1,0,1,0,1,1,2,0,1,1,2,0,0,0,2,1,1,2,1
35284,1,0,0,1,1,1,0,0,0,0,1,1,2,1,1,0,0,1,1,2,1
7698,0,1,2,2,0,0,2,2,2,0,1,0,1,1,0,1,2,2,1,0,0
48473,1,0,0,1,1,2,0,1,2,1,1,0,1,0,0,1,0,1,0,0,1
15970,1,0,1,2,1,1,1,2,0,0,0,1,2,0,0,0,0,2,1,0,0
32372,0,0,2,2,1,2,2,1,2,0,0,0,2,1,1,1,2,1,0,1,1
30936,1,0,2,2,0,1,1,1,1,0,1,0,2,1,1,0,2,1,1,0,0
19307,0,0,1,2,0,1,0,2,2,0,1,1,0,1,0,0,2,1,1,1,0
10133,0,0,2,1,1,1,2,1,0,1,0,0,0,1,0,0,0,2,0,1,1
38371,1,0,2,0,1,2,2,2,2,1,1,0,2,0,0,0,1,0,0,2,0
24936,0,0,0,0,0,2,0,2,1,1,0,1,0,0,2,1,0,0,0,2,0
26283,1,0,2,2,0,2,2,0,2,0,0,0,1,0,1,0,1,1,1,0,1
11487,1,0,2,0,0,0,0,0,2,1,1,0,2,1,0,1,0,1,0,1,1
35931,0,1,1,1,1,1,1,0,0,1,1,1,0,1,1,0,2,1,0,0,0
19523,0,1,1,1,1,0,0,2,2,0,0,0,0,1,2,0,2,1,1,2,0
16585,0,1,1,0,1,2,0,2,0,0,0,0,0,0,1,0,0,1,1,1,0
6697,0,1,0,0,1,2,0,2,2,0,1,1,1,1,1,1,0,0,1,0,0
8184,0,0,1,0,1,0,1,2,0,1,1,0,2,1,1,1,2,1,0,1,1
35136,1,0,2,0,0,0,2,1,0,0,1,1,1,1,0,1,0,1,1,2,1
4458,0,0,0,1,1,1,2,2,0,1,1,0,2,1,2,0,0,1,0,0,0
34333,0,1,2,1,0,1,1,1,1,1,0,1,0,0,1,0,2,0,1,2,0
3209,1,1,0,0,0,1,2,0,2,0,1,1,0,0,0,0,2,0,1,0,1
34454,1,1,2,0,1,0,0,1,0,0,0,0,0,1,2,0,0,1,1,0,1
10882,1,1,2,2,0,2,1,2,1,1,0,0,1,1,1,0,1,0,1,2,0
45644,0,1,0,0,0,2,2,1,2,0,1,0,1,1,2,1,0,2,0,2,1
18570,1,1,1,2,1,1,0,1,0,0,1,0,0,1,1,0,2,0,1,0,0
41414,0,0,0,1,1,1,1,1,0,1,0,1,2,1,0,1,2,1,0,2,0
4727,1,0,0,1,0,2,0,2,2,1,1,0,1,0,2,0,0,1,0,1,0
18138,0,0,2,1,1,1,0,2,0,1,1,1,1,0,2,1,2,1,1,0,1
40155,1,1,0,0,1,0,0,1,2,1,1,1,1,0,1,1,0,1,0,1,0
34930,0,0,1,1,1,1,1,2,2,1,0,0,1,0,2,1,2,0,0,1,1
6844,1,0,2,1,0,2,0,2,2,0,1,1,2,1,2,0,1,1,1,0,1
11447,0,0,2,2,0,1,2,0,0,1,1,0,0,0,2,0,0,1,0,1,0
10219,1,0,0,2,0,0,2,2,1,0,1,0,0,1,1,0,0,0,1,2,0
6538,1,1,0,0,1,1,0,0,2,0,1,0,0,0,1,1,0,1,1,2,1
21414,0,1,2,1,0,0,1,2,0,1,1,1,0,0,2,0,2,1,0,1,1
368,1,1,0,0,0,2,1,0,2,1,1,0,2,1,2,0,1,1,0,0,0
9738,0,0,0,1,0,0,0,2,1,1,1,0,0,0,0,1,0,1,0,0,1
10407,0,0,0,2,0,0,2,0,2,0,0,1,1,0,1,0,2,1,0,1,1
46640,0,1,1,0,0,2,0,1,2,1,0,0,0,0,2,0,2,1,0,2,1
5092,1,1,1,1,0,2,1,1,2,1,0,0,0,0,2,1,0,0,1,0,0
49514,1,1,1,1,0,0,1,1,1,0,1,0,2,0,1,0,0,0,1,2,0
11831,1,0,1,0,1,2,2,1,0,0,0,1,2,1,1,1,2,1,0,2,1
10253,0,1,2,2,1,2,2,1,1,0,1,0,0,1,2,0,2,2,1,0,1
13918,1,1,2,1,1,2,1,2,2,0,1,1,2,1,2,0,1,1,0,0,0
6705,1,0,1,2,0,2,2,0,2,1,1,0,2,0,1,0,1,1,0,1,0
17936,0,0,1,0,0,1,2,2,1,0,0,1,2,1,1,0,2,0,0,2,0
19044,0,0,2,0,1,1,0,1,0,1,1,1,1,1,2,1,1,0,0,2,0
32942,1,0,0,1,0,2,1,1,2,0,0,1,2,1,2,0,0,1,1,1,0
8370,0,1,0,0,1,1,2,1,1,0,1,0,0,0,1,1,0,1,1,0,0
3054,0,0,1,0,0,1,2,2,0,1,1,0,1,0,2,0,2,1,1,0,1
2719,0,0,2,0,1,1,1,2,0,0,0,0,1,0,1,0,1,1,0,0,0
27896,1,0,2,2,0,0,2,2,2,0,1,1,1,1,0,1,2,2,0,2,1
34986,1,1,1,0,0,1,0,0,2,1,0,0,0,0,0,0,1,0,1,2,0
3131,1,1,1,0,0,2,2,2,0,1,0,0,2,1,2,0,2,2,1,1,1
17975,0,1,2,0,1,0,1,1,0,1,0,1,1,0,2,0,2,1,0,1,1
45199,1,1,2,0,0,1,2,0,2,0,0,1,0,1,2,1,2,0,0,2,1
19270,1,0,0,0,1,2,1,1,2,1,1,0,2,0,2,0,2,0,1,2,0
24852,1,1,0,0,1,2,2,0,1,0,0,0,0,1,2,0,0,2,0,0,0
38944,1,0,0,0,0,0,2,0,1,0,1,1,2,1,0,1,0,1,0,2,0
8995,0,0,1,0,0,1,0,2,0,1,0,0,2,1,0,1,0,1,1,2,0
39674,1,0,0,0,1,0,2,1,2,0,0,0,0,1,2,0,2,0,0,2,1
36500,1,1,1,0,1,1,2,2,0,1,0,0,0,0,1,0,2,2,1,1,1
12390,0,0,2,0,1,0,1,1,0,0,1,1,1,0,2,0,1,1,1,2,1
10279,0,1,0,0,0,1,2,0,1,0,1,0,1,0,0,1,0,1,0,1,0
1070,1,0,1,0,0,2,0,0,0,0,0,0,1,0,0,1,0,1,0,2,1
3045,1,0,1,1,1,2,0,1,0,1,0,0,0,1,1,1,0,2,0,0,0
43510,0,0,0,1,0,0,0,2,2,0,1,1,2,1,2,1,2,0,0,0,1
25667,1,1,1,0,0,2,2,2,0,0,1,1,0,1,0,1,1,1,1,2,1
41654,0,1,1,2,0,0,2,1,0,1,1,0,1,1,2,0,2,1,0,0,0
10000,1,1,1,0,1,2,2,0,2,0,0,0,1,0,2,0,1,1,1,2,0
33685,1,0,0,2,0,1,1,2,1,0,0,0,0,1,1,0,1,1,1,2,1
7584,1,0,1,2,0,2,1,2,0,0,0,1,2,1,1,0,2,1,0,2,1
48360,0,0,1,0,1,0,2,2,0,0,0,0,1,0,1,0,2,1,0,2,1
43454,0,1,0,1,0,0,1,2,0,1,0,1,0,1,1,0,1,0,0,1,1
6366,1,1,0,2,0,0,0,1,2,1,0,0,2,0,0,0,0,0,1,2,1
24371,0,1,1,2,0,1,1,0,0,1,1,1,2,1,2,0,2,1,1,0,0
14173,1,1,1,0,1,0,1,0,1,0,0,1,0,0,2,0,2,1,0,0,0
36947,1,1,0,0,0,2,2,2,1,0,1,1,1,0,2,0,2,1,1,0,1
19749,0,0,1,2,1,0,0,2,2,1,1,1,0,0,2,0,0,1,1,1,0
38169,0,1,1,2,1,0,2,1,1,1,1,1,2,1,0,0,0,1,1,0,1
10509,1,0,0,2,0,1,0,1,0,0,1,1,1,1,2,1,0,1,0,0,1
23248,1,1,1,2,0,1,0,0,0,0,1,0,0,1,0,1,2,2,1,0,0
39748,0,1,0,1,0,0,2,1,1,0,1,0,0,1,0,1,1,0,0,1,1
28808,0,0,1,1,0,1,2,2,2,0,1,1,1,0,1,1,2,1,0,0,0
15272,1,0,2,1,1,1,1,2,2,1,0,1,0,0,0,0,0,1,1,2,0
14716,0,1,1,2,0,1,1,2,0,1,0,1,1,1,1,1,0,0,1,1,1
43410,1,0,1,0,0,0,0,0,0,1,1,1,1,1,0,0,0,1,0,2,1
41866,1,0,0,1,0,2,2,2,2,0,1,0,1,1,1,0,0,2,1,1,0
34839,0,1,2,1,1,2,1,2,0,0,1,0,2,0,2,0,1,2,1,0,1
21457,1,0,0,1,0,2,1,1,1,1,0,1,1,0,1,0,2,1,1,1,0
1533,0,0,2,2,0,2,2,1,2,0,0,1,2,0,0,0,1,1,0,0,0
36843,0,0,2,0,0,2,1,1,0,1,1,0,2,1,1,0,0,1,1,0,1
38158,1,0,0,1,0,1,1,1,1,0,0,1,0,0,1,0,0,2,1,2,0
1495,1,0,2,0,1,2,1,2,0,1,1,1,2,0,1,0,0,2,0,2,1
12340,1,0,1,0,0,0,2,2,0,1,0,1,2,0,2,1,2,1,1,2,1
6571,1,0,1,2,0,2,0,1,0,0,0,1,0,1,1,0,2,2,0,1,0
8256,0,1,2,0,1,2,0,0,0,1,1,1,2,0,2,1,1,0,1,0,1
4321,1,1,1,2,0,1,0,2,0,0,1,0,2,0,1,0,2,0,1,1,1
858,0,1,2,0,1,2,2,1,2,0,0,0,0,0,0,1,1,1,0,1,0
7210,1,0,0,0,1,2,2,1,2,0,0,0,2,0,1,1,2,2,0,2,0
13944,0,0,0,0,1,1,2,2,0,0,1,1,1,0,1,1,1,0,1,1,1
9049,1,0,2,2,0,1,1,0,2,1,1,1,2,1,1,0,2,1,0,1,0
27301,1,0,1,0,0,2,1,1,1,0,1,1,0,1,2,0,1,0,0,2,0
327,1,0,0,2,1,2,2,1,1,0,1,0,0,0,0,0,0,1,1,2,1
5326,1,1,2,0,0,2,2,0,0,0,1,0,2,0,2,0,1,2,1,2,1
19513,0,1,2,0,1,2,0,0,2,1,1,1,1,1,2,1,2,0,0,2,0
32683,1,1,0,1,1,0,2,2,0,0,0,0,2,1,0,1,2,0,0,2,1
16560,1,1,2,0,0,1,2,0,0,1,0,1,2,1,1,0,2,1,1,2,1
20439,1,1,1,1,0,2,0,1,2,0,0,1,2,0,1,0,2,2,0,1,0
44022,0,1,1,2,0,0,2,2,2,0,0,0,1,1,2,0,2,0,0,2,1
39990,1,1,1,2,1,2,2,2,1,1,0,1,1,0,1,0,0,1,1,1,1
41103,1,0,0,0,0,1,1,0,0,0,0,0,0,0,1,1,1,1,1,0,0
16026,0,1,0,2,1,2,0,1,1,1,1,0,0,1,0,1,2,1,0,2,1
26696,1,1,0,2,0,2,1,1,0,1,1,0,1,1,2,1,0,1,0,2,1
7334,0,1,1,0,1,1,1,1,2,1,1,1,1,0,2,0,0,2,1,1,0
31564,0,0,2,2,1,1,0,0,0,0,1,1,2,1,2,1,0,0,0,0,0
4711,0,1,0,0,0,1,2,0,0,0,1,0,2,0,1,1,0,1,0,0,1
11184,1,0,1,0,0,2,2,2,0,0,0,1,2,1,2,1,2,1,0,1,0
8380,1,1,0,1,0,2,2,2,2,0,0,1,0,1,1,1,2,0,1,2,1
6244,1,0,1,1,0,2,1,2,2,0,1,1,0,1,0,1,2,2,1,2,0
22292,0,0,2,2,1,0,2,1,0,0,0,1,0,0,1,0,0,1,1,0,0
23122,1,0,1,2,0,2,2,1,1,0,0,0,0,0,1,0,2,1,1,1,1
45256,1,1,2,0,0,2,1,0,2,1,0,0,2,1,2,0,1,1,0,1,1
23096,0,1,2,1,1,2,1,0,0,1,0,0,2,0,0,0,1,2,0,2,1
4920,1,0,2,0,1,0,2,2,2,0,0,1,2,0,0,1,2,1,0,1,0
17648,1,1,1,1,0,0,1,2,1,1,1,0,1,1,0,1,2,0,1,0,0
514,0,1,1,1,0,0,2,1,0,0,0,0,1,1,1,1,0,0,0,2,1
1493,1,0,0,2,1,2,0,1,1,1,1,1,0,1,0,1,0,2,0,0,0
22818,0,1,2,0,0,2,0,1,0,1,1,0,1,1,1,1,0,0,1,2,1
16881,1,0,1,0,0,2,0,0,1,0,1,1,2,1,1,0,0,1,1,0,1
17044,0,1,2,2,0,2,0,1,0,1,1,0,0,0,2,0,1,2,0,2,0
15067,1,0,1,2,1,1,1,2,0,1,1,1,0,1,0,1,2,1,1,0,0
48832,0,0,2,0,0,2,2,1,2,0,0,1,0,1,2,1,2,1,0,2,1
41138,1,1,1,1,0,0,2,2,2,0,0,1,0,0,2,1,2,1,0,0,1
39203,0,1,1,0,0,0,2,0,0,0,0,0,0,1,2,1,1,2,0,0,1
31502,1,1,0,0,0,2,2,2,1,1,1,0,0,1,1,0,0,1,1,1,0
38555,0,0,0,1,0,1,1,1,1,1,1,0,2,0,1,0,1,1,1,2,1
8708,1,0,2,2,1,2,2,0,2,1,0,0,2,0,0,0,0,1,1,0,0
47824,1,0,0,0,0,2,2,2,0,0,0,0,2,1,2,1,2,0,0,2,1
14909,0,1,2,0,0,1,0,1,2,0,0,1,0,1,2,0,0,1,0,1,0
9107,1,0,1,2,0,0,0,1,1,0,0,0,0,1,1,0,2,1,0,1,0
44875,0,1,1,0,0,2,2,1,2,0,0,0,0,1,2,1,2,2,0,2,0
37920,0,0,1,2,0,0,2,0,2,0,0,0,0,1,1,0,1,1,0,1,1
38821,1,0,1,0,0,2,0,0,0,1,0,0,1,1,1,0,2,1,1,0,1
19354,0,1,1,1,1,1,1,1,0,1,1,0,1,0,0,0,2,0,1,1,0
35635,0,1,1,0,1,2,1,1,2,0,0,0,1,1,1,0,2,1,0,1,0
47221,0,1,0,1,1,0,2,2,0,1,1,0,0,1,0,0,0,1,0,2,0
20414,0,0,2,1,1,1,0,0,0,1,0,1,1,1,1,1,1,1,1,0,0
32103,0,1,0,0,1,1,0,2,0,1,1,1,0,1,1,1,1,0,0,1,1
27147,1,0,2,0,0,1,2,0,0,0,0,1,0,1,1,0,2,1,1,1,1
45050,0,1,0,2,1,2,0,0,0,0,1,1,2,0,2,1,0,2,0,0,1
7262,0,1,2,0,1,0,1,0,2,1,1,0,0,1,2,1,0,2,1,0,1
24601,0,0,2,0,0,2,2,1,0,1,1,1,0,1,0,1,2,0,0,0,0
35158,1,1,0,1,0,2,2,2,0,0,0,1,1,0,2,1,2,0,1,1,1
40277,1,1,0,0,0,0,0,1,1,0,1,1,0,1,2,0,0,0,0,2,1
4220,0,1,1,0,0,0,2,2,1,0,0,0,0,1,0,1,2,1,0,2,1
10676,0,1,1,1,1,2,2,0,0,0,0,0,2,1,0,0,1,2,0,0,1
48365,0,0,1,1,0,2,0,1,0,0,0,1,2,0,1,0,0,1,0,2,1
12594,0,1,2,1,0,1,0,1,2,0,1,1,0,1,1,0,2,1,1,2,1
11118,0,0,2,1,0,2,2,2,2,0,0,1,2,1,1,0,1,1,1,2,1
44321,1,0,0,1,0,2,2,1,2,0,1,0,2,1,2,1,2,1,1,2,1
38133,0,1,0,1,1,0,1,0,0,0,1,1,0,1,1,0,0,0,0,1,1
18089,1,1,2,0,0,0,0,1,0,0,0,1,2,1,1,1,0,2,0,2,0
14528,0,1,1,0,0,2,2,0,0,0,1,0,0,1,2,1,2,2,1,2,0
24380,0,1,2,1,1,0,2,2,2,1,0,0,0,0,0,0,2,0,0,1,1
28136,0,0,1,2,0,0,1,2,0,0,1,0,1,1,1,0,1,0,1,1,1
30438,0,0,1,2,0,1,2,0,1,0,1,1,0,0,0,0,2,2,0,0,1
47680,0,0,2,0,1,2,1,0,0,0,1,0,1,0,2,0,0,1,1,0,0
7176,0,1,1,2,0,1,1,2,2,1,1,1,2,1,0,1,2,1,0,0,0
38999,1,1,0,1,0,1,0,0,2,0,1,0,0,0,0,1,2,2,0,1,1
10049,0,1,0,0,0,0,1,0,2,1,1,0,1,0,0,0,0,2,0,0,1
11820,1,0,1,1,0,2,1,0,0,0,0,1,1,0,0,0,2,1,0,1,1
3943,1,0,0,0,0,1,0,2,1,1,1,0,2,1,1,1,0,0,0,0,1
5660,0,1,2,1,0,2,0,1,2,0,1,1,1,1,0,0,1,0,1,2,0
21551,0,0,1,2,1,0,2,0,2,1,0,1,2,1,0,0,2,2,0,2,1
36316,1,0,2,1,1,2,2,2,2,0,1,0,2,0,2,1,1,1,1,2,0
30900,0,1,1,1,1,2,1,2,0,1,1,1,2,1,2,1,0,2,1,2,1
8342,0,1,0,0,0,2,0,2,1,1,0,0,0,0,2,1,0,2,1,0,1
12105,0,1,2,1,1,2,2,1,2,0,0,1,0,0,2,0,0,0,0,0,1
22490,0,1,2,0,0,1,0,2,1,1,1,1,0,1,2,1,1,1,1,0,1
32100,1,0,1,1,1,2,0,1,0,0,0,0,1,1,0,0,2,1,1,0,1
15495,1,1,0,2,1,1,2,0,0,0,1,1,1,1,2,1,0,0,0,2,0
28074,1,0,1,0,0,2,1,1,2,0,0,1,2,1,1,0,1,1,0,1,1
24103,1,1,1,0,1,2,1,2,2,1,0,0,0,1,1,0,2,2,1,2,1
37296,0,1,1,0,0,2,2,2,0,1,1,0,0,0,2,0,0,0,1,1,1
15115,1,1,0,2,0,1,0,1,0,1,1,1,1,1,2,1,1,1,1,1,1
48577,0,0,1,0,1,0,2,0,1,0,1,1,2,1,1,0,2,1,0,2,1
20368,1,1,1,1,0,2,2,2,0,0,0,1,0,1,1,1,0,1,0,0,1
26371,0,1,0,0,1,2,0,0,0,1,1,1,0,1,2,0,0,2,1,1,0
5439,1,1,1,2,1,1,2,1,1,0,0,0,1,0,2,0,2,2,1,2,1
5983,1,1,1,0,0,1,0,2,0,0,1,0,1,1,0,1,0,2,0,0,0
25128,0,0,2,0,1,0,2,2,2,0,1,1,2,1,1,1,1,1,0,1,0
46457,1,1,0,2,1,2,2,0,1,0,0,0,1,0,2,0,0,2,1,1,0
24063,1,0,1,2,1,2,2,2,2,0,0,0,1,1,1,0,0,1,1,0,0
92,0,0,1,2,1,0,2,2,2,0,1,0,2,0,1,1,2,0,0,0,0
20032,0,0,1,2,0,0,1,2,1,0,1,0,2,0,1,0,0,1,0,1,0
17385,1,1,0,0,0,2,2,2,0,0,0,0,0,0,0,0,1,1,1,0,1
38226,0,1,1,1,0,2,2,1,2,0,0,0,0,1,1,1,0,0,0,2,1
18913,0,0,2,2,0,2,2,1,0,0,0,1,0,1,1,1,1,1,1,2,1
10179,1,0,2,1,1,2,2,2,0,0,1,0,0,1,2,0,2,2,0,0,0
4315,0,1,2,0,0,1,0,2,1,0,0,1,1,1,2,0,1,2,0,2,0
20222,0,1,2,1,0,2,0,2,2,0,0,0,2,1,1,0,0,2,1,1,0
3301,1,1,0,2,0,2,0,0,1,1,0,0,1,1,1,1,0,0,0,1,0
3716,1,1,1,1,1,1,2,2,2,0,0,0,1,0,2,1,1,1,1,0,0
5349,1,0,1,0,1,0,0,2,2,1,0,1,1,0,1,1,0,1,0,0,0
8776,1,0,2,0,1,2,2,0,2,0,0,0,2,1,2,0,0,1,0,2,1
25663,0,1,0,0,0,2,0,2,0,0,1,1,0,0,2,1,0,1,0,0,0
46702,1,0,2,1,0,0,2,1,2,0,1,1,1,1,2,1,1,2,0,1,1
42870,0,1,0,0,1,0,2,0,0,0,0,0,0,1,2,0,0,1,1,1,0
27174,0,1,2,0,1,0,1,2,0,1,1,0,1,0,1,1,0,1,0,0,0
4124,0,1,1,1,1,0,1,0,0,1,1,1,0,1,1,0,0,0,0,1,0
35003,1,0,0,0,0,2,2,2,1,0,0,0,1,0,1,0,0,1,0,2,0
38573,1,0,0,2,0,2,0,0,2,1,0,0,1,0,1,0,1,1,0,1,0
22789,1,0,1,0,0,2,0,1,0,1,0,0,2,1,0,0,0,1,0,2,1
7370,1,1,2,2,1,2,2,0,2,0,1,0,1,1,0,1,2,0,0,0,1
6204,1,0,1,2,0,2,2,2,2,0,0,1,0,1,0,1,0,0,1,2,0
12912,1,0,0,0,0,1,1,0,1,0,1,1,2,0,2,0,0,1,0,0,0
1145,0,0,1,0,0,0,2,1,1,0,1,0,2,0,2,1,2,0,1,2,0
12623,0,0,2,2,1,1,2,2,2,0,1,0,1,1,1,1,1,0,0,0,0
44094,0,1,1,0,0,0,2,0,1,0,0,1,0,0,2,1,2,1,1,1,0
40556,0,0,0,2,1,2,0,2,0,0,1,0,2,0,0,1,0,1,0,2,1
42366,0,1,0,2,1,2,0,0,0,1,0,1,2,0,2,0,1,0,1,1,0
48890,0,1,0,0,1,2,1,2,2,1,0,0,0,0,1,1,0,1,1,2,0
41088,1,1,1,0,0,1,0,0,2,1,0,1,2,1,0,0,2,1,0,2,1
22222,0,1,1,0,1,2,2,1,2,1,1,0,2,1,1,0,2,2,0,0,0
37182,1,0,2,0,1,0,2,0,2,1,1,1,1,1,0,0,2,1,0,1,1
14484,0,0,1,0,1,1,2,1,2,0,0,0,2,0,0,0,2,1,1,2,0
11018,1,0,2,0,0,1,1,2,1,1,1,1,2,1,0,0,0,1,0,2,1
25891,1,1,1,2,0,2,2,1,2,0,0,1,0,0,0,1,2,0,1,0,1
41605,1,1,1,0,0,2,2,0,2,0,0,1,1,0,0,1,0,1,0,0,1
21256,1,1,1,0,0,1,2,2,0,0,0,1,1,0,0,0,2,2,1,2,0
38067,1,1,0,1,0,2,2,2,2,0,1,0,0,0,2,1,0,1,1,0,0
44127,1,1,1,2,0,1,2,1,2,0,1,1,1,0,1,1,0,0,1,2,0
36331,1,0,2,2,0,0,2,1,0,0,0,0,2,0,2,0,2,1,1,0,1
12134,0,0,0,2,1,1,1,1,0,1,1,0,1,1,1,1,0,1,0,2,1
27173,0,1,1,1,0,2,2,1,0,0,1,0,0,1,1,1,2,1,1,0,1
33947,1,1,1,1,1,2,2,1,2,1,1,1,0,0,0,1,2,0,1,2,1
13311,0,1,2,1,1,1,1,2,0,1,1,1,0,0,2,0,0,1,1,0,1
4736,1,0,1,0,0,2,0,1,1,1,1,1,2,0,2,1,2,1,0,0,0
20900,1,1,1,1,1,0,2,2,0,0,0,1,1,0,2,0,1,2,1,0,0
47884,0,1,1,0,0,1,1,2,1,0,0,1,0,0,2,0,2,2,1,1,0
40743,1,1,0,2,1,1,0,1,1,0,0,1,0,0,0,0,0,0,1,1,0
12887,0,0,2,1,1,1,1,2,1,0,0,0,2,1,0,0,2,1,0,0,0
42857,0,0,1,1,0,0,2,1,2,0,1,1,1,1,0,0,1,1,1,2,0
13895,1,0,1,1,0,2,0,0,0,1,1,0,2,0,0,1,0,1,1,1,1
25184,1,0,2,1,0,2,2,2,0,1,1,0,2,1,1,1,1,1,1,2,1
1574,1,0,1,0,1,2,2,1,2,1,0,1,2,0,1,0,2,1,0,2,0
10777,0,1,2,0,0,1,1,0,2,0,1,1,0,1,2,0,2,1,1,1,1
35130,1,0,2,2,1,1,2,0,2,0,0,1,2,1,0,1,0,2,0,2,0
20938,1,1,2,0,0,1,1,1,0,0,0,0,0,1,0,0,0,0,1,1,0
26985,0,0,2,1,0,1,2,2,0,0,0,1,2,0,2,1,2,1,0,2,0
34625,1,0,0,1,0,0,1,1,1,0,1,1,0,0,2,0,0,2,0,1,0
7464,1,1,2,2,1,2,2,1,1,0,0,1,1,0,0,1,2,0,0,0,1
32886,1,1,1,2,1,2,2,1,0,0,0,1,2,0,1,1,0,1,1,1,0
19158,1,1,2,0,1,1,1,0,2,1,1,0,0,1,0,0,0,1,1,2,0
22991,0,1,0,1,0,2,1,1,2,0,1,0,1,1,1,0,0,0,1,1,1
26394,0,0,2,2,1,1,0,1,0,1,1,1,2,0,1,1,0,1,1,0,0
44703,0,0,0,2,0,0,1,2,1,1,0,0,2,1,1,1,0,1,0,1,1
34457,1,0,1,2,1,2,1,0,1,1,1,1,0,1,2,0,0,2,1,0,1
13612,1,1,0,0,0,2,2,0,0,1,1,1,1,0,2,0,0,0,1,0,0
34828,0,1,0,0,0,1,1,2,2,0,0,0,0,1,2,0,0,1,1,0,1
7107,0,0,0,1,0,2,0,0,2,0,1,0,1,0,1,0,0,1,0,0,1
12343,1,0,1,2,0,2,0,0,1,0,1,0,2,0,0,1,0,0,1,1,1
12353,1,1,1,0,1,1,2,1,2,0,0,1,1,1,1,0,1,1,1,1,0
39376,1,0,1,0,0,2,0,0,2,1,1,1,1,0,2,0,0,1,1,1,0
46627,1,0,2,0,0,2,2,2,0,0,1,0,2,0,0,1,2,1,0,2,0
21410,1,0,1,0,0,0,0,1,0,1,1,0,1,1,0,1,1,1,0,2,1
29370,1,1,1,0,1,1,2,2,2,0,1,0,0,0,1,1,0,1,0,2,1
39671,0,1,0,1,1,1,1,1,0,1,0,0,2,1,2,0,0,0,1,1,0
24731,1,0,0,0,1,2,0,2,0,0,1,0,1,1,1,1,0,1,0,2,0
27251,1,0,1,1,0,1,1,2,0,0,1,1,0,1,1,0,2,1,0,0,1
31109,0,1,2,2,1,2,0,0,1,1,1,0,0,0,0,1,2,0,1,0,1
2759,0,1,1,0,1,2,2,0,2,0,0,0,0,0,0,1,2,1,1,1,0
17868,0,0,1,2,1,1,0,2,0,0,1,0,0,0,0,0,0,2,1,2,0
3453,1,1,0,2,0,2,2,1,0,1,1,1,1,0,2,1,1,1,1,2,1
29026,0,0,1,0,1,1,0,1,0,0,0,1,0,1,2,0,1,1,1,0,1
36215,1,0,2,0,0,2,2,2,0,0,0,0,0,1,2,0,1,2,1,1,1
33749,1,0,0,2,1,2,2,1,1,0,0,0,2,1,0,0,0,1,1,0,0
32671,1,1,1,2,0,1,0,1,2,1,1,1,0,0,0,1,2,0,0,2,0
22879,0,1,0,2,0,1,2,2,0,0,0,0,1,0,1,1,2,1,0,0,1
13507,0,0,2,2,0,2,1,1,0,0,0,1,0,0,1,0,2,1,1,0,0
1808,1,0,2,2,0,1,0,1,0,1,1,0,0,1,1,1,0,1,1,2,0
49485,0,1,1,0,1,0,0,0,2,0,1,0,1,0,2,1,0,2,1,1,0
32973,1,0,1,1,1,2,2,2,0,1,1,1,1,0,2,1,2,0,0,0,1
26797,1,1,2,1,0,1,2,2,2,0,1,1,2,1,1,1,1,0,1,1,0
45095,0,1,2,1,0,0,0,2,2,0,0,1,2,0,1,0,1,2,0,1,0
19500,1,1,1,0,1,2,2,2,1,1,1,1,0,1,2,1,0,0,0,0,0
46827,1,0,2,2,0,0,0,2,2,0,1,1,0,0,0,0,2,1,1,1,0
2435,1,1,0,0,0,2,2,0,1,0,0,1,1,1,0,1,0,0,0,1,1
28482,1,0,1,2,0,2,2,2,1,0,0,1,2,0,1,1,2,1,1,0,0
39464,0,0,1,0,0,1,0,2,0,1,1,1,2,1,0,1,1,0,0,0,1
19805,1,0,1,2,1,2,0,2,0,1,0,1,2,0,0,1,1,2,1,0,0
16883,1,0,0,2,1,2,1,1,1,0,0,0,0,1,0,0,0,1,0,2,1
13276,1,1,1,1,0,2,2,0,2,0,1,1,1,0,0,0,0,0,1,2,0
47459,1,1,2,0,1,2,1,1,0,1,1,1,0,0,2,0,0,1,1,2,1
32025,0,1,1,0,0,2,0,2,0,1,1,0,1,1,0,0,2,1,0,1,0
15262,0,1,2,0,0,0,1,0,0,0,0,1,1,1,0,0,2,1,1,2,1
18022,1,1,0,0,0,2,2,0,0,0,0,1,2,0,0,0,2,2,0,0,1
48813,1,0,0,1,1,2,2,0,0,0,0,0,0,1,1,1,2,0,1,1,0
19377,1,1,2,0,1,0,0,2,2,0,1,0,0,0,0,1,2,2,0,0,1
29444,1,1,1,0,1,1,0,0,2,0,0,0,2,1,2,0,2,2,0,1,0
31373,1,0,2,0,1,1,2,2,2,1,0,1,2,1,0,0,2,2,0,2,1
38030,1,1,1,1,0,0,1,0,0,1,1,1,0,1,0,0,0,2,0,0,0
4789,1,0,0,2,0,1,0,2,0,1,1,1,0,1,1,0,0,1,1,1,1
842,1,0,1,2,1,2,0,2,2,1,0,1,2,1,2,1,0,1,1,2,0
32637,0,0,1,1,1,1,2,0,0,0,1,0,2,0,0,1,0,1,1,0,1
10160,1,0,0,2,0,2,2,2,2,1,1,0,2,1,0,0,0,1,0,1,0
36176,1,0,0,0,1,2,1,2,2,1,1,1,2,1,0,0,0,2,1,1,0
11949,1,1,1,2,1,1,2,2,2,0,0,0,2,0,0,0,2,1,0,0,1
11400,1,1,1,0,1,2,1,2,1,1,1,0,0,0,0,1,1,1,0,1,1
7284,1,0,2,1,1,1,1,2,0,1,0,0,0,1,2,0,0,1,1,0,0
2351,1,0,0,1,1,0,1,1,2,1,0,1,1,0,0,1,1,1,1,0,1
3464,0,1,2,1,0,0,1,2,0,0,0,0,2,1,2,0,2,1,0,1,1
28712,1,0,0,0,1,2,1,2,0,0,0,0,0,1,2,0,2,0,1,2,0
49587,0,1,0,1,1,0,1,2,0,1,1,0,2,0,2,0,0,1,1,2,0
9909,1,1,1,1,0,2,2,2,0,1,1,0,0,0,2,0,2,0,1,1,1
37667,1,0,2,1,0,1,2,2,2,0,1,1,2,1,1,0,0,1,1,2,1
43337,0,1,1,0,1,1,0,2,0,1,1,0,2,0,1,0,0,0,1,0,0
29494,0,0,0,1,0,0,2,2,1,1,0,1,1,0,0,1,2,1,1,0,0
47441,0,0,0,0,0,0,0,1,1,0,0,0,2,1,2,1,0,0,1,0,1
702,0,0,1,1,0,0,2,1,2,0,1,0,0,0,1,0,2,0,1,1,1
39121,0,0,2,1,1,1,2,0,0,1,0,0,1,0,0,1,1,1,1,0,0
13211,0,0,1,1,0,2,2,2,1,0,0,1,1,1,2,1,2,1,1,1,1
18388,1,0,2,1,0,2,2,1,1,0,0,0,1,0,1,0,2,1,0,0,1
39061,0,1,0,2,0,1,0,0,2,1,1,1,0,1,2,1,0,0,1,2,0
1281,1,1,1,1,1,1,2,2,1,1,1,0,2,1,0,0,0,1,1,0,0
47535,1,0,2,1,0,0,1,1,2,1,1,0,0,1,2,0,2,1,0,0,1
16281,0,0,0,1,0,1,2,2,2,0,1,0,1,0,1,1,0,1,1,1,1
20484,0,0,1,0,0,0,1,1,2,0,1,0,0,1,1,0,2,0,0,1,0
39328,1,0,1,2,0,2,0,0,0,0,0,0,0,1,2,1,2,1,1,2,0
5428,1,0,1,0,1,2,2,1,0,0,1,0,1,0,1,1,2,0,0,0,0
14917,0,1,2,1,1,2,0,2,0,1,1,0,1,1,2,1,0,0,0,1,1
10968,1,0,2,2,0,1,1,1,0,1,1,0,2,1,2,0,1,1,0,0,1
37672,1,0,0,1,0,2,1,1,0,1,0,0,1,1,2,0,0,1,1,0,1
15997,1,0,1,1,0,1,1,2,2,0,0,1,2,1,0,0,1,1,1,0,1
6644,1,0,2,2,0,0,0,0,1,0,1,0,1,0,0,0,0,1,0,1,0
31971,0,0,1,0,0,0,1,0,0,0,0,0,2,1,1,0,0,1,0,1,1
5315,0,1,1,0,1,2,0,1,0,1,0,0,1,1,1,0,1,0,0,1,1
10422,1,1,1,1,1,2,1,2,1,1,1,0,1,1,2,0,1,0,0,0,1
41911,1,1,2,2,0,0,2,1,0,1,0,1,1,1,2,0,0,1,1,1,0
4174,1,0,1,2,0,2,2,2,2,0,1,0,0,1,0,0,2,1,0,0,1
47719,0,1,2,1,1,1,0,1,0,0,1,0,0,1,0,0,1,1,1,0,0
43182,0,0,0,1,1,0,0,1,2,0,0,1,0,0,2,1,0,2,0,0,0
43154,0,0,2,1,0,1,2,2,2,0,1,1,1,0,2,1,0,2,0,2,1
31421,1,1,0,2,0,0,2,0,1,0,0,1,2,1,2,1,0,0,1,0,0
39082,1,1,1,1,0,2,1,1,2,1,0,0,2,0,1,0,2,2,0,2,1
43309,1,1,0,2,1,2,2,1,0,0,0,1,1,1,1,0,0,2,0,2,0
42398,1,1,2,2,0,0,2,2,0,0,1,1,1,1,1,1,2,1,1,0,0
